Frame No,Droplet No,X Centroid (Pixels),X Centroid (mm),Y Centroid (Pixels),Y Centroid (mm),X Diameter (Pixels),X Diameter (mm),Y Diameter (Pixels),Y Diameter (mm),Gradient,Darkness
7,1,605.1627372,19.51122973,53.14433583,1.713442156,66,2.127925405,67,2.160166699,308.5742803,16.76617774
8,1,605.2392055,19.51369517,76.73776626,2.474124884,65,2.095684111,68,2.192407993,305.8302565,15.14363846
9,1,605.3043855,19.51579666,100.347086,3.235319902,64,2.063442817,68,2.192407993,306.8427836,15.4561707
10,1,605.3208912,19.51632882,124.0277778,3.998816049,64,2.063442817,68,2.192407993,310.2882203,14.13831019
11,1,605.3603027,19.5175995,147.9211292,4.769168618,64,2.063442817,68,2.192407993,310.3537808,14.76703553
12,1,605.3221338,19.51636889,171.8493958,5.540646896,64,2.063442817,67,2.160166699,310.0712512,13.73195876
13,1,605.3679667,19.5178466,195.6228044,6.307132352,64,2.063442817,66,2.127925405,302.9593035,13.16641858
14,1,605.4464659,19.52037751,219.4971667,7.076872687,64,2.063442817,66,2.127925405,300.158959,14.54770423
15,1,605.5418398,19.52345249,243.394362,7.847349186,64,2.063442817,66,2.127925405,293.5355378,16.2495549
16,1,605.6660751,19.527458,267.3691216,8.620326458,64,2.063442817,66,2.127925405,294.9679332,17.31421815
17,1,605.821312,19.53246304,291.5428911,9.399720068,65,2.095684111,66,2.127925405,305.2439362,17.53382789
18,1,605.850328,19.53339855,315.6499702,10.17696349,65,2.095684111,65,2.095684111,306.6734421,17.86344663
19,1,605.9297201,19.53595825,339.6634902,10.95119045,65,2.095684111,65,2.095684111,308.5151195,17.93001787
20,1,606.0005922,19.53824327,363.6787089,11.72547218,65,2.095684111,66,2.127925405,305.684912,18.45691442
21,1,606.1185992,19.54204796,387.7766333,12.50242045,66,2.127925405,65,2.095684111,303.6088087,19.3168579
22,1,606.2024089,19.5447501,411.880141,13.27954872,66,2.127925405,65,2.095684111,305.3211884,20.17757558
23,1,606.1510876,19.54309543,436.1166961,14.06096662,66,2.127925405,65,2.095684111,307.0936881,18.68862099
24,1,606.1302817,19.54242462,460.193662,14.83723916,66,2.127925405,65,2.095684111,304.701256,18.09322779
28,2,383.4400185,12.36260237,87.83927744,2.83205197,54,1.741029877,51,1.644305995,258.1299768,37.91338583
33,2,383.103653,12.35175751,206.7068493,6.664496303,55,1.773271171,51,1.644305995,251.7702847,39.70228311
79,3,538.0240642,17.34659204,58.76951872,1.894805332,65,2.095684111,72,2.321373169,404.8214807,19.36125234
80,3,537.9360107,17.34375308,82.37135207,2.65575898,64,2.063442817,73,2.353614463,410.6065673,18.51900428
81,3,538.0493298,17.34740663,106.1077748,3.421051964,63,2.031201523,74,2.385855757,402.5952033,16.67613941
82,3,538.0406023,17.34712525,129.8416241,4.186261977,63,2.031201523,74,2.385855757,399.3149818,18.35510753
83,3,538.0458492,17.34729441,153.6378188,4.953482086,63,2.031201523,74,2.385855757,404.6339697,19.36445047
84,3,538.1185185,17.34963737,177.4458162,5.721082731,61,1.966718935,74,2.385855757,411.3287123,18.76982167
85,3,538.1512047,17.35069121,201.1622819,6.485732275,61,1.966718935,74,2.385855757,416.0642988,18.15789474
86,3,538.2591463,17.35417139,224.9822616,7.253719245,62,1.998960229,73,2.353614463,410.4781797,19.56513304
87,3,538.345576,17.35695799,248.8402894,8.022932931,62,1.998960229,73,2.353614463,401.4549005,20.30292072
88,3,538.2742746,17.35465914,272.7686942,8.794415667,63,2.031201523,72,2.321373169,400.587254,21.18727323
89,3,538.1969569,17.35216632,296.8619329,9.571212861,63,2.031201523,71,2.289131875,409.6401514,19.10115526
90,3,538.1805044,17.35163587,320.8410315,10.34433003,65,2.095684111,69,2.224649287,419.3169502,17.60912698
91,3,538.1241811,17.34981994,344.9279408,11.12092315,65,2.095684111,68,2.192407993,417.6271987,19.74480205
92,3,538.0927982,17.34880811,369.0666097,11.89918507,67,2.160166699,66,2.127925405,405.480445,21.87731284
93,3,538.0474567,17.34734624,393.1824382,12.67671059,69,2.224649287,66,2.127925405,390.1300579,18.35748792
94,3,538.1323068,17.35008192,417.3749644,13.45670894,69,2.224649287,64,2.063442817,398.0261278,15.22127174
95,3,538.1401091,17.35033348,441.5790985,14.23708154,71,2.289131875,63,2.031201523,406.1028092,15.72035601
96,3,538.1290138,17.34997575,465.7173165,15.01532893,71,2.289131875,62,1.998960229,409.7330612,14.41549498
107,4,537.1283064,17.31771165,39.67193052,1.279074376,59,1.902236347,54,1.741029877,263.6485154,29.31504145
108,4,537.3097416,17.32356135,63.81868787,2.057597079,59,1.902236347,54,1.741029877,257.9396138,29.31478537
109,4,537.2900519,17.32292653,87.91330404,2.834438683,59,1.902236347,53,1.708788583,266.6951661,27.69528754
110,4,537.4348172,17.32759395,111.6120827,3.598517973,59,1.902236347,54,1.741029877,274.599009,28.02066773
111,4,537.6492834,17.33450862,135.2906051,4.361944176,58,1.869995053,54,1.741029877,280.7403342,29.86733068
112,4,537.8891105,17.34224096,158.9792581,5.125697001,58,1.869995053,55,1.773271171,281.8917335,36.16679968
113,4,538.1096386,17.34935107,182.9811245,5.899548233,57,1.837753759,55,1.773271171,279.6911464,35.03212851
114,4,538.208013,17.35252278,207.1768515,6.679649781,56,1.805512465,56,1.805512465,275.9216501,33.58323208
115,4,538.2846686,17.35499426,231.2850752,7.456930111,56,1.805512465,56,1.805512465,279.6691696,37.9707198
116,4,538.4547308,17.36047729,255.1349918,8.225882285,55,1.773271171,56,1.805512465,285.5045147,32.69820555
117,4,538.7191333,17.36900197,278.840556,8.990180348,54,1.741029877,56,1.805512465,283.9195274,36.1791411
118,4,538.9362224,17.3760012,302.8401472,9.763958224,54,1.741029877,57,1.837753759,284.1189916,34.10093993
119,4,539.2085211,17.38478046,327.1376485,10.54734111,55,1.773271171,57,1.837753759,278.4814517,33.67008197
120,4,539.2854209,17.38725981,351.4525667,11.33128554,55,1.773271171,56,1.805512465,283.0604091,34.59654889
121,4,539.3783231,17.3902551,375.4449898,12.1048323,55,1.773271171,56,1.805512465,288.0165928,36.57230392
122,4,539.6273469,17.39828395,399.2971429,12.87385658,56,1.805512465,56,1.805512465,291.1673954,33.44657423
123,4,539.842234,17.40521219,423.26702,13.64667644,56,1.805512465,56,1.805512465,288.7335965,36.29351814
124,4,540.1375812,17.41473456,447.5154221,14.4284763,56,1.805512465,56,1.805512465,279.0589364,37.12103981
125,4,540.3735726,17.42234323,471.8278956,15.2123419,57,1.837753759,54,1.741029877,271.7981187,38.70619397
148,5,438.5485044,14.13937127,35.43209378,1.142376553,57,1.837753759,56,1.805512465,367.0358204,19.89822294
149,5,438.2739008,14.13051769,59.09398951,1.90526669,56,1.805512465,55,1.773271171,361.6265926,17.09640984
150,5,437.9703644,14.12073129,82.86944333,2.671818087,57,1.837753759,55,1.773271171,353.374402,16.68709936
151,5,437.7410501,14.1133379,106.4546539,3.432235796,57,1.837753759,56,1.805512465,341.502625,16.41431412
152,5,437.5122433,14.10596087,129.9032385,4.188248507,58,1.869995053,56,1.805512465,342.0664329,17.18966877
153,5,437.216739,14.09643343,153.2988551,4.942553459,58,1.869995053,56,1.805512465,359.2144361,18.05406472
154,5,436.9126291,14.08662853,176.9316918,5.704506696,58,1.869995053,55,1.773271171,364.5100083,17.84114376
155,5,436.612465,14.07695085,200.7319217,6.471856905,58,1.869995053,55,1.773271171,358.9847291,17.28913738
156,5,436.3806841,14.06947794,224.560161,7.240110173,58,1.869995053,54,1.741029877,349.5892678,16.01327968
157,5,436.1733871,14.06279441,248.2443548,8.003719231,58,1.869995053,54,1.741029877,340.092599,15.83803384
158,5,435.7789047,14.05007579,271.7561866,8.761771112,59,1.902236347,53,1.708788583,350.1875483,17.52554745
159,5,435.4872951,14.04067392,295.4065574,9.524289669,58,1.869995053,53,1.708788583,363.4528057,22.45081967
160,5,435.1639685,14.03024945,319.3308427,10.29563959,59,1.902236347,52,1.676547289,366.3700012,23.96390041
161,5,434.8111624,14.01887453,343.2404532,11.06651637,58,1.869995053,52,1.676547289,356.6656429,24.45008389
162,5,434.527135,14.00971712,367.142196,11.83713949,58,1.869995053,53,1.708788583,348.3414329,25.13745271
163,5,434.1890526,13.9988169,390.8193684,12.60052216,58,1.869995053,52,1.676547289,345.896435,24.78367003
164,5,433.9371308,13.99069462,414.5438819,13.36543118,57,1.837753759,53,1.708788583,360.9990735,25.62995781
165,5,433.6018715,13.97988542,438.298171,14.1313002,56,1.805512465,53,1.708788583,373.4413763,24.75531915
166,5,433.305402,13.97032686,462.3547427,14.9069152,57,1.837753759,53,1.708788583,379.096313,25.29732029
234,6,404.1892691,13.03158506,30.48162231,0.982766947,56,1.805512465,54,1.741029877,364.2763014,33.40811153
235,6,403.8805272,13.02163082,53.80569728,1.734765305,55,1.773271171,54,1.741029877,376.3191213,34.32270408
236,6,403.6665247,13.01473111,77.12478705,2.486602935,56,1.805512465,53,1.708788583,378.1535924,35.59667802
237,6,403.2687898,13.00190762,100.5927813,3.243241438,56,1.805512465,54,1.741029877,358.3059548,34.64983022
238,6,402.973339,12.9923819,124.1112992,4.001508887,55,1.773271171,54,1.741029877,347.2148198,33.19678375
239,6,402.6388186,12.98159653,147.6873418,4.761631008,56,1.805512465,54,1.741029877,354.1751095,31.97764656
240,6,402.3691848,12.97290319,171.2872386,5.522522219,56,1.805512465,53,1.708788583,379.1718254,29.65514298
241,6,402.1610133,12.96619147,195.0064405,6.287259983,56,1.805512465,53,1.708788583,401.4742529,28.71091065
242,6,401.8604752,12.95650173,218.5179266,7.045300717,55,1.773271171,53,1.708788583,396.3904814,26.72699784
243,6,401.5926085,12.94786536,242.1413838,7.806951546,56,1.805512465,53,1.708788583,383.9361829,24.54018049
244,6,401.2545142,12.93696477,265.9539983,8.574701052,55,1.773271171,53,1.708788583,376.3857485,24.30210572
245,6,401.018174,12.92934485,289.6629165,9.339107255,55,1.773271171,53,1.708788583,384.6282438,27.67546517
246,6,400.7822475,12.92173828,313.4569305,10.10625706,55,1.773271171,52,1.676547289,394.5109248,28.32356799
247,6,400.4771042,12.91190006,337.0937636,10.86833914,56,1.805512465,53,1.708788583,393.5863411,29.90270506
248,6,400.1180828,12.90032475,360.8021786,11.63272912,55,1.773271171,53,1.708788583,386.8701815,29.76470588
249,6,399.8719169,12.89238804,384.6784942,12.40253243,55,1.773271171,53,1.708788583,374.972967,29.80700995
250,6,399.5901782,12.88330442,408.6132116,13.17421869,55,1.773271171,53,1.708788583,374.2565129,28.35956522
251,6,399.3583916,12.87583132,432.4527972,13.94283778,54,1.741029877,52,1.676547289,385.4130419,29.20507215
252,6,399.1464161,12.86899695,456.3378497,14.71292278,55,1.773271171,53,1.708788583,390.6275898,30.00218627
313,7,588.0244291,18.9586685,56.59824748,1.824800737,65,2.095684111,74,2.385855757,317.6324601,16.66135881
314,7,588.0475162,18.95941286,80.2437905,2.587163642,66,2.127925405,72,2.321373169,315.4334886,18.97731569
315,7,588.0909838,18.96081431,103.7004659,3.34343721,68,2.192407993,69,2.224649287,303.2438876,18.22986301
316,7,588.1460238,18.96258888,127.6638958,4.1160492,69,2.224649287,67,2.160166699,300.2228857,20.59490163
317,7,588.0228749,18.95861839,151.6190342,4.888393858,71,2.289131875,65,2.095684111,303.0305259,21.78339452
318,7,587.9907595,18.95758295,175.4071614,5.655353863,73,2.353614463,61,1.966718935,302.8924528,22.98614719
319,7,587.9739645,18.95704146,199.1195266,6.419871201,73,2.353614463,58,1.869995053,306.8140738,21.80443787
320,7,587.9823353,18.95731135,222.9179641,7.18716362,75,2.418097051,56,1.805512465,302.6047195,24.20347618
321,7,587.9805412,18.9572535,246.8440255,7.958570802,75,2.418097051,54,1.741029877,293.8835339,25.38115502
322,7,588.1191789,18.96172336,270.7359069,8.728875972,76,2.450338345,53,1.708788583,293.3451393,27.39620331
323,7,588.0975534,18.96102613,294.5605451,9.497013137,77,2.482579639,52,1.676547289,299.252897,25.09327549
324,7,588.1154204,18.96160218,318.4564071,10.26744665,77,2.482579639,52,1.676547289,308.1300489,23.90378647
325,7,588.0582255,18.95975814,342.3012939,11.03623666,77,2.482579639,53,1.708788583,315.4764244,24.38798151
326,7,588.0758915,18.96032772,366.3242914,11.81076918,77,2.482579639,55,1.773271171,308.6261338,25.69804997
327,7,588.0914855,18.96083049,390.5102657,12.59055629,75,2.418097051,56,1.805512465,306.9713907,24.82336957
329,7,588.1280919,18.96201073,438.8775029,14.14997861,73,2.353614463,60,1.934477641,313.7559989,21.53062426
330,7,588.2452939,18.96578947,462.9012453,14.92453515,71,2.289131875,62,1.998960229,317.2214368,19.04315088
378,8,412.7905653,13.30890198,48.0305002,1.548565479,56,1.805512465,56,1.805512465,429.5066449,23.68889793
379,8,412.6533172,13.30447692,71.55582524,2.3070524,56,1.805512465,56,1.805512465,434.2427577,25.52772157
380,8,412.5912409,13.3024755,95.07583131,3.06536783,56,1.805512465,55,1.773271171,419.2053149,24.76966748
381,8,412.5620467,13.30153425,118.7038678,3.827166304,56,1.805512465,56,1.805512465,396.5100264,23.76058041
382,8,412.4894992,13.29919522,142.4087237,4.591441532,56,1.805512465,56,1.805512465,395.1368415,22.82519176
383,8,412.4709231,13.2985963,166.0776739,5.354559111,56,1.805512465,55,1.773271171,416.6785833,22.78080521
384,8,412.3126531,13.29349347,189.6493878,6.11454167,57,1.837753759,54,1.741029877,427.9457859,23.23531811
385,8,412.2709783,13.29214982,213.2934916,6.876858174,57,1.837753759,54,1.741029877,413.9839255,20.44844517
386,8,412.2597296,13.29178715,236.9623105,7.639971523,58,1.869995053,53,1.708788583,395.4794073,18.09217534
387,8,412.2050654,13.29002471,260.7422386,8.406667175,58,1.869995053,54,1.741029877,385.3608895,18.37990196
388,8,412.1226492,13.2873675,284.5294358,9.173597195,58,1.869995053,54,1.741029877,396.8359503,19.13199837
389,8,412.036214,13.28458072,308.2279835,9.93766904,58,1.869995053,53,1.708788583,417.3478485,19.0934541
390,8,411.9376291,13.28140221,331.9830648,10.7035636,57,1.837753759,53,1.708788583,419.5297545,18.33085502
391,8,411.8854899,13.27972118,355.7594047,11.47014356,57,1.837753759,53,1.708788583,403.7829699,17.7810822
392,8,411.8541581,13.278711,379.5841868,12.23828537,57,1.837753759,54,1.741029877,387.8155648,18.01351351
393,8,411.7607362,13.27569896,403.5321063,13.01039728,57,1.837753759,54,1.741029877,389.3345986,20.12837285
394,8,411.6621511,13.27252045,427.4696223,13.78217377,57,1.837753759,54,1.741029877,410.3167971,20.27164547
395,8,411.4821208,13.26671604,451.3551171,14.55227304,56,1.805512465,54,1.741029877,421.9551924,20.59597205
468,9,440.4199566,14.19970931,39.22342733,1.264614053,55,1.773271171,53,1.708788583,428.5075079,23.75488069
469,9,440.2960699,14.19571504,62.66113537,2.020276089,55,1.773271171,52,1.676547289,444.9210923,22.87560017
470,9,440.1509599,14.19103651,86.11823735,2.77656341,55,1.773271171,53,1.708788583,428.6058233,22.86131705
471,9,440.0404524,14.1874736,109.6233145,3.534397513,55,1.773271171,52,1.676547289,412.2171,21.82644628
472,9,440.004344,14.18630942,133.2597741,4.296467557,55,1.773271171,53,1.708788583,400.0157903,20.03040834
473,9,439.8501529,14.1813381,156.8152031,5.05592507,55,1.773271171,52,1.676547289,415.1312667,19.88777293
474,9,439.7910448,14.17943238,180.4420544,5.817685329,55,1.773271171,52,1.676547289,437.4528164,18.72024594
475,9,439.6423841,14.17463937,203.9298013,6.574960682,55,1.773271171,52,1.676547289,438.7302842,17.7375386
476,9,439.5325418,14.17109791,227.5061566,7.335092883,55,1.773271171,52,1.676547289,421.0343688,17.00923077
477,9,439.3640755,14.16566634,251.2222222,8.099729529,54,1.741029877,53,1.708788583,401.6388961,16.87000439
478,9,439.2484663,14.16193894,274.9745837,8.865536399,54,1.741029877,53,1.708788583,406.0145216,18.01314636
479,9,439.1136163,14.15759121,298.6962865,9.630354792,54,1.741029877,52,1.676547289,423.1153686,17.75453339
480,9,438.8726708,14.14982281,322.4041704,10.39472765,54,1.741029877,52,1.676547289,430.6404288,19.07275954
481,9,438.752099,14.14593542,345.9871852,11.15507456,54,1.741029877,53,1.708788583,429.8679584,19.99425795
482,9,438.6079895,14.14128914,369.7879719,11.92244272,54,1.741029877,53,1.708788583,410.5986665,22.55375165
483,9,438.5148731,14.13828695,393.6824147,12.69283048,54,1.741029877,54,1.741029877,403.1047606,23.42125984
484,9,438.3654267,14.13346861,417.5404814,13.46204542,54,1.741029877,54,1.741029877,415.7094436,25.59492563
485,9,438.2446201,14.12957365,441.2964427,14.22796835,54,1.741029877,53,1.708788583,439.2675128,25.73374341
486,9,438.1136962,14.12535249,465.1786655,14.99796212,55,1.773271171,53,1.708788583,447.6339155,25.82469244
610,10,587.0055325,18.92581796,27.04656524,0.872016262,53,1.708788583,51,1.644305995,376.5327065,28.66129032
611,10,586.9752973,18.92484314,50.54254346,1.629557004,53,1.708788583,52,1.676547289,375.1111071,26.978957
612,10,586.9625229,18.92443127,74.20749543,2.392545678,53,1.708788583,52,1.676547289,374.2300443,25.42844079
613,10,586.8841044,18.92190296,97.76042144,3.15192249,53,1.708788583,52,1.676547289,374.8294979,26.02152015
614,10,586.772042,18.91828992,121.4431247,3.91548349,54,1.741029877,52,1.676547289,372.9082627,26.89767017
615,10,586.743379,18.91736579,145.0557078,4.676783722,54,1.741029877,52,1.676547289,370.5440808,27.55890411
616,10,586.6956522,18.91582702,168.6413043,5.437213876,54,1.741029877,52,1.676547289,361.620628,25.52538531
617,10,586.6719457,18.91506269,192.3683258,6.20220375,54,1.741029877,52,1.676547289,350.8302403,24.37991859
618,10,586.6609558,18.91470836,216.1672678,6.969512437,54,1.741029877,52,1.676547289,349.7262707,23.61795219
619,10,586.5806306,18.91211857,239.8324324,7.732507967,54,1.741029877,52,1.676547289,358.735981,24.47927928
620,10,586.4910072,18.909229,263.6241007,8.49958214,54,1.741029877,52,1.676547289,370.2820747,23.59360936
621,10,586.4728334,18.90864305,287.3744948,9.265325579,54,1.741029877,52,1.676547289,372.1490442,22.53635548
622,10,586.4164801,18.90682615,311.2888491,10.03635531,54,1.741029877,52,1.676547289,367.1177139,20.54834378
623,10,586.3871691,18.90588112,335.1659937,10.80618535,54,1.741029877,52,1.676547289,363.2242374,20.5580978
624,10,586.3274696,18.90395633,359.059991,11.57655874,54,1.741029877,52,1.676547289,364.3709016,22.26251691
625,10,586.1773466,18.89911617,382.8104693,12.34230489,54,1.741029877,52,1.676547289,369.4121834,23.92957111
626,10,586.0501582,18.89501545,406.6118391,13.10969185,53,1.708788583,52,1.676547289,371.4035636,26.06142728
627,10,586.0094808,18.89370396,430.523702,13.88064126,53,1.708788583,52,1.676547289,374.5476977,25.61580135
628,10,585.9959313,18.89326711,454.5194394,14.65429488,53,1.708788583,52,1.676547289,375.4213297,24.66109354
683,11,454.6222527,14.65760971,32.91208791,1.061128303,54,1.741029877,51,1.644305995,344.3725066,28.81822344
684,11,454.4381085,14.65167267,56.44320816,1.819802069,54,1.741029877,50,1.612064701,355.0128061,28.31432545
685,11,454.2237085,14.64476013,79.74400369,2.571049869,55,1.773271171,50,1.612064701,363.2241292,28.40193816
686,11,454.0287803,14.63847539,103.4184559,3.334344843,55,1.773271171,50,1.612064701,354.6335511,27.74223035
687,11,453.893261,14.63410608,127.1976481,4.101016771,55,1.773271171,51,1.644305995,346.5698304,29.09990958
688,11,453.6894522,14.62753502,151.0239928,4.869208953,55,1.773271171,51,1.644305995,340.42954,32.66289593
689,11,453.5768182,14.62390355,174.8372727,5.636979914,54,1.741029877,51,1.644305995,350.8847758,32.62761126
690,11,453.4108844,14.61855363,198.3609977,6.395415248,54,1.741029877,52,1.676547289,362.2340635,32.16417234
691,11,453.2347397,14.6128745,221.9955117,7.157422561,55,1.773271171,52,1.676547289,363.4620047,29.1571621
692,11,453.0379189,14.60652874,245.8540564,7.926652917,55,1.773271171,53,1.708788583,348.9476035,29.19788453
693,11,452.890933,14.60178973,269.7748576,8.697890502,55,1.773271171,54,1.741029877,340.7612919,29.3833698
694,11,452.6822962,14.59506301,293.7410167,9.470590481,54,1.741029877,54,1.741029877,346.59964,29.53219448
695,11,452.5103844,14.58952035,317.5638533,10.23866956,54,1.741029877,54,1.741029877,352.4893224,23.01015004
696,11,452.3522928,14.58442327,341.20194,11.00079207,54,1.741029877,53,1.708788583,360.9287149,22.58976621
697,11,452.2130719,14.57993461,365.0309368,11.76906976,54,1.741029877,54,1.741029877,345.8749062,21.99738562
698,11,452.0867303,14.57586119,389.1253252,12.54590402,54,1.741029877,54,1.741029877,333.1880599,21.76973114
699,11,451.8937745,14.56964005,413.2982151,13.32526927,53,1.708788583,54,1.741029877,334.9119999,23.00957771
700,11,451.6519629,14.56184373,437.2893692,14.09877512,54,1.741029877,53,1.708788583,342.1843187,26.45614808
701,11,451.45917,14.55562783,461.2864793,14.872473,54,1.741029877,53,1.708788583,352.6708214,24.834375
767,12,586.0522501,18.8950829,41.25218967,1.330023976,64,2.063442817,66,2.127925405,331.0304124,20.52324879
768,12,586.1172085,18.89717724,64.86996719,2.091491685,63,2.031201523,67,2.160166699,332.1376553,18.66129994
769,12,586.1256237,18.89744856,88.51775756,2.853927047,63,2.031201523,68,2.192407993,328.766156,18.252715
770,12,586.3041847,18.9032056,112.1613276,3.616226339,63,2.031201523,69,2.224649287,325.0271532,14.48310713
771,12,586.4749221,18.90871039,136.0045339,4.384962163,63,2.031201523,71,2.289131875,326.8198125,13.51034287
772,12,586.6105352,18.91308273,159.8344074,5.153268122,64,2.063442817,72,2.321373169,330.2871593,12.70095291
773,12,586.7466113,18.91747001,183.6387275,5.920750206,64,2.063442817,72,2.321373169,335.2207545,12.33324115
774,12,586.8272927,18.92007128,207.4176277,6.687412717,64,2.063442817,72,2.321373169,338.1178218,11.33901099
775,12,586.9921196,18.92538551,231.3105978,7.457752992,65,2.095684111,73,2.353614463,336.8132134,14.53137734
776,12,587.1909778,18.93179696,255.2979471,8.231136171,65,2.095684111,73,2.353614463,329.459474,16.58497703
777,12,587.3443065,18.93674047,279.353211,9.006709009,66,2.127925405,72,2.321373169,332.6473092,14.70631068
778,12,587.4584798,18.94042157,303.3822018,9.781434765,66,2.127925405,72,2.321373169,341.18168,14.46632405
779,12,587.5462687,18.94325199,327.3196744,10.55320986,66,2.127925405,71,2.289131875,345.8848461,12.76758078
780,12,587.668762,18.94720134,351.3648538,11.32845756,66,2.127925405,70,2.256890581,345.269275,14.50628759
781,12,587.7682592,18.95040926,375.3220758,12.10086939,66,2.127925405,70,2.256890581,340.81845,15.87836354
782,12,587.8480379,18.95298142,399.4082939,12.87744023,67,2.160166699,68,2.192407993,340.2113466,15.71750626
783,12,587.9024045,18.95473427,423.6794908,13.65997503,67,2.160166699,67,2.160166699,340.2838365,15.38659502
784,12,587.9631124,18.95669157,447.7538905,14.43616483,67,2.160166699,65,2.095684111,341.4896364,14.30997693
846,13,577.8436551,18.63042718,51.7859745,1.669646829,64,2.063442817,67,2.160166699,309.9000913,19.17334548
847,13,577.8528619,18.63072401,75.3023674,2.427845767,63,2.031201523,68,2.192407993,311.4719403,19.93617021
848,13,577.9454116,18.63370794,98.975509,3.191098486,63,2.031201523,70,2.256890581,304.225013,20.78413447
849,13,577.9836877,18.63494201,122.8814448,3.96185679,62,1.998960229,70,2.256890581,301.6420235,21.29341492
850,13,577.9774566,18.63474111,146.916763,4.736786551,62,1.998960229,71,2.289131875,304.4237457,19.84991324
851,13,577.9074661,18.63248453,170.9766503,5.512508452,62,1.998960229,71,2.289131875,306.6820217,19.15859285
852,13,577.843098,18.63040922,194.9196913,6.284463077,62,1.998960229,71,2.289131875,309.8153155,17.91392622
853,13,577.7736276,18.6281694,218.7809847,7.053782052,63,2.031201523,72,2.321373169,305.3152735,20.17199434
854,13,577.6936836,18.6255919,242.6981554,7.824902584,64,2.063442817,73,2.353614463,298.970761,22.27110117
855,13,577.6254858,18.62339312,266.7648529,8.600844053,64,2.063442817,73,2.353614463,298.7804549,22.88506385
856,13,577.5652535,18.62145115,290.9091161,9.379286343,64,2.063442817,73,2.353614463,305.5935793,21.98753463
857,13,577.5104626,18.61968462,315.0578194,10.15787179,66,2.127925405,73,2.353614463,308.2942159,22.12689238
858,13,577.4910837,18.61905982,339.0192044,10.93041784,66,2.127925405,72,2.321373169,307.8997074,22.24629731
859,13,577.409805,18.61643929,363.0782774,11.70611349,67,2.160166699,72,2.321373169,304.5587831,24.37388242
860,13,577.3630211,18.61493091,387.2365999,12.48500907,67,2.160166699,71,2.289131875,301.982497,23.2135896
861,13,577.3913751,18.61584508,411.3490643,13.26242612,68,2.192407993,71,2.289131875,300.5080487,23.02170963
862,13,577.3134736,18.61333344,435.5039628,14.04121131,69,2.224649287,70,2.256890581,299.8769932,23.03716863
863,13,577.4122326,18.61651756,459.62452,14.81888928,70,2.256890581,68,2.192407993,302.4298625,21.71463816
920,14,516.5516579,16.65429387,43.81114849,1.412528119,54,1.741029877,49,1.579823407,317.7360109,34.09510086
921,14,516.4296117,16.65035895,67.44660194,2.174565723,54,1.741029877,48,1.547582113,319.1327859,33.77038835
922,14,516.2800971,16.6455384,91.04902913,2.935538517,53,1.708788583,49,1.579823407,320.147493,29.62772661
923,14,516.2307324,16.64394682,114.6160843,3.695370871,53,1.708788583,50,1.612064701,329.5519272,28.50837721
924,14,516.1085308,16.64000688,138.2303318,4.456724767,53,1.708788583,51,1.644305995,333.8249155,27.38056872
925,14,515.9919962,16.63624966,161.8300377,5.217609824,53,1.708788583,51,1.644305995,350.4771592,35.15211397
927,14,515.7580349,16.62870644,209.4449036,6.752774715,52,1.676547289,53,1.708788583,318.3455824,36.76516544
928,14,515.6406179,16.62492077,233.053612,7.513950025,52,1.676547289,53,1.708788583,334.6433036,21.57772727
929,14,515.542908,16.62177047,256.6514006,8.274773266,52,1.676547289,54,1.741029877,334.6101814,30.84007108
931,14,515.3920105,16.61690534,304.1720808,9.806901486,53,1.708788583,55,1.773271171,327.0461582,32.76939655
932,14,515.3064445,16.61414658,328.1021482,10.57843783,53,1.708788583,55,1.773271171,306.4888396,30.58815789
933,14,515.222755,16.61144833,352.0444638,11.35036906,54,1.741029877,54,1.741029877,307.8127776,28.60313999
934,14,515.1842105,16.6102056,375.7450388,12.11450627,54,1.741029877,54,1.741029877,311.3946266,27.31522208
935,14,515.1530832,16.60920202,399.6075895,12.88386578,54,1.741029877,54,1.741029877,309.3582713,27.17680034
936,14,514.997406,16.60418278,423.4098573,13.6512817,55,1.773271171,54,1.741029877,308.7515849,29.97796024
937,14,514.8140659,16.59827166,447.3182418,14.42211895,55,1.773271171,52,1.676547289,299.7436172,30.51537786
938,14,514.7512326,16.59624583,471.4796056,15.20111258,54,1.741029877,52,1.676547289,286.0259232,30.28782453
988,15,506.8987179,16.3430706,32.0517094,1.033388586,55,1.773271171,55,1.773271171,407.1047626,18.69444444
989,15,506.8152267,16.34037873,55.63857998,1.793859816,55,1.773271171,54,1.741029877,418.89987,18.55113393
990,15,506.8502994,16.34150952,79.24123182,2.554839853,55,1.773271171,54,1.741029877,419.834839,18.77739726
991,15,506.8277041,16.34078102,102.9333048,3.318702945,55,1.773271171,53,1.708788583,411.4918336,17.19238991
992,15,506.8155092,16.34038784,126.5820196,4.08116811,55,1.773271171,54,1.741029877,400.936298,17.51619778
993,15,506.7676207,16.33884385,150.4352841,4.850228223,55,1.773271171,54,1.741029877,398.7483545,18.49252456
994,15,506.7471959,16.33818533,174.1837791,5.615910435,55,1.773271171,53,1.708788583,411.5650075,23.58024159
995,15,506.6636324,16.33549114,197.905505,6.380729573,56,1.805512465,53,1.708788583,419.9975329,25.19921875
996,15,506.6013895,16.33348434,221.5605732,7.143399581,56,1.805512465,52,1.676547289,418.5892891,24.93006082
997,15,506.5815972,16.33284622,245.3993056,7.911991161,56,1.805512465,52,1.676547289,403.9942365,26.05164931
998,15,506.5591304,16.33212186,269.306087,8.682776729,56,1.805512465,52,1.676547289,403.4735119,26.43453676
999,15,506.5045952,16.33036357,293.2323851,9.454191542,56,1.805512465,52,1.676547289,410.2283192,27.42556918
1000,15,506.4450816,16.32844478,317.0449934,10.22194085,56,1.805512465,51,1.644305995,425.267795,25.62058304
1001,15,506.4416961,16.32833562,340.854682,10.98959602,56,1.805512465,52,1.676547289,423.9055439,24.26083112
1002,15,506.4214694,16.32768349,364.7624285,11.7604127,55,1.773271171,52,1.676547289,411.2360857,24.62868456
1003,15,506.459282,16.32890261,388.7149737,12.53267375,55,1.773271171,52,1.676547289,403.801546,25.49781086
1004,15,506.4390244,16.32824948,412.8697735,13.31145576,55,1.773271171,53,1.708788583,405.2098584,26.41550523
1005,15,506.4554196,16.32877809,436.9182692,14.08681038,54,1.741029877,53,1.708788583,421.9415111,28.11762134
1006,15,506.437254,16.32819241,460.9265413,14.86086814,54,1.741029877,53,1.708788583,429.3071303,27.0913861
1073,16,517.9636597,16.69981864,81.85592133,2.639140826,53,1.708788583,55,1.773271171,351.2447922,23.2307047
1074,16,517.951828,16.69943717,105.4627957,3.400257003,53,1.708788583,54,1.741029877,365.8633066,21.30730051
1075,16,517.9069667,16.69799078,129.140199,4.163647126,54,1.741029877,54,1.741029877,386.1239436,18.81212121
1076,16,517.8779095,16.69705394,152.8006148,4.926489548,54,1.741029877,53,1.708788583,385.2390494,18.65891133
1077,16,517.7058824,16.69150756,176.4451872,5.688821156,54,1.741029877,52,1.676547289,388.5123464,22.25044563
1078,16,517.5516772,16.68653579,200.1146872,6.451956466,54,1.741029877,51,1.644305995,388.9649706,23.02221215
1079,16,517.3972603,16.68155719,223.8237443,7.216367146,55,1.773271171,51,1.644305995,388.3541186,28.796254
1080,16,517.298988,16.67838876,247.524379,7.980506279,55,1.773271171,50,1.612064701,381.5014096,29.62557498
1081,16,517.2469824,16.67671203,271.2836583,8.746536188,55,1.773271171,50,1.612064701,384.816246,29.31508121
1082,16,517.1681457,16.67417024,295.1359178,9.515563899,55,1.773271171,49,1.579823407,391.2986276,29.88971963
1083,16,517.1529412,16.67368003,318.9345882,10.28286383,55,1.773271171,49,1.579823407,394.5655455,28.37270588
1084,16,517.1160714,16.6724913,342.7753759,11.05152168,55,1.773271171,49,1.579823407,395.6512936,29.41286989
1085,16,516.997208,16.66865899,366.6342485,11.8207626,55,1.773271171,50,1.612064701,389.7489763,29.27687296
1086,16,516.9429623,16.66691003,390.5363385,12.59139691,55,1.773271171,50,1.612064701,387.0599464,29.18712644
1087,16,516.8325751,16.66335101,414.3971793,13.36070129,54,1.741029877,51,1.644305995,394.9527923,27.88620847
1088,16,516.7565257,16.66089908,438.4023402,14.13465875,54,1.741029877,52,1.676547289,395.5511176,30.21917192
1089,16,516.6544479,16.65760796,462.4027716,14.90846371,54,1.741029877,52,1.676547289,401.7214608,29.63790791
1226,17,459.1067073,14.80219433,35.3837108,1.140816623,55,1.773271171,53,1.708788583,327.9150244,33.21873638
1227,17,458.9004844,14.79554544,59.03874945,1.903485679,55,1.773271171,53,1.708788583,333.5172723,34.49185381
1228,17,458.7123227,14.78947886,82.44281915,2.658063171,54,1.741029877,52,1.676547289,340.7043512,33.91936198
1229,17,458.4903084,14.78232083,106.0493392,3.419167925,54,1.741029877,53,1.708788583,333.6762773,29.81057269
1230,17,458.2563989,14.77477929,129.8340688,4.186018386,55,1.773271171,53,1.708788583,329.0190411,29.54854369
1231,17,458.011121,14.76687121,153.6307829,4.953255241,55,1.773271171,52,1.676547289,328.0009538,32.6162739
1232,17,457.6942186,14.75665387,177.4421861,5.720965692,54,1.741029877,52,1.676547289,330.9285817,34.37138989
1233,17,457.5127505,14.7508031,201.023224,6.481248869,54,1.741029877,51,1.644305995,336.4701784,31.90714611
1234,17,457.2335899,14.7418026,224.6989588,7.244585195,55,1.773271171,51,1.644305995,334.6580795,30.07469443
1235,17,456.9906375,14.73396951,248.4832813,8.01142253,55,1.773271171,52,1.676547289,328.2088399,29.56665181
1236,17,456.7924276,14.72757896,272.4837416,8.785228428,55,1.773271171,52,1.676547289,320.9288256,32.12911843
1237,17,456.5006723,14.71817239,296.4150605,9.556805115,55,1.773271171,52,1.676547289,314.1568702,32.44414536
1238,17,456.2182146,14.70906559,320.2524797,10.32535436,55,1.773271171,51,1.644305995,325.8423549,30.28223625
1239,17,456.0470009,14.70354544,343.9986571,11.09096184,55,1.773271171,51,1.644305995,325.0734025,27.10031348
1240,17,455.8679825,14.69777365,367.7811404,11.85773988,55,1.773271171,52,1.676547289,309.5241522,26.54254386
1241,17,455.6588846,14.69103207,391.9628188,12.63738848,56,1.805512465,53,1.708788583,308.8218566,26.63683528
1242,17,455.345525,14.68092895,416.0950947,13.41544428,56,1.805512465,53,1.708788583,309.2854348,27.16609294
1243,17,455.0496084,14.67138821,440.2615318,14.19460149,55,1.773271171,53,1.708788583,313.9479031,29.30839495
1244,17,454.8360297,14.66450216,464.2033231,14.96651582,55,1.773271171,52,1.676547289,324.2429606,30.77000437
1243,18,567.8960205,18.30970257,30.76123235,0.991781936,54,1.741029877,55,1.773271171,317.4462318,24.0962361
1244,18,567.975945,18.31227943,54.10395189,1.74438142,54,1.741029877,55,1.773271171,320.0417017,22.5302705
1245,18,567.9939446,18.31285977,77.35986159,2.494182042,53,1.708788583,55,1.773271171,326.4659737,20.89592368
1246,18,568.0361757,18.31422135,100.7665805,3.248844949,53,1.708788583,55,1.773271171,321.9741728,20.87214808
1247,18,567.9861292,18.31260778,124.2670134,4.006529316,53,1.708788583,54,1.741029877,320.5739758,18.64381779
1248,18,568.0565046,18.31487678,147.8134034,4.765695398,53,1.708788583,54,1.741029877,319.570817,18.47283085
1249,18,568.0318302,18.31408125,171.4000884,5.526160644,53,1.708788583,54,1.741029877,322.3546067,17.9544852
1250,18,568.1048673,18.31643605,194.8380531,6.281830954,53,1.708788583,53,1.708788583,321.1769431,16.87383798
1251,18,568.1262738,18.31712623,218.2002658,7.035058924,53,1.708788583,53,1.708788583,322.8692509,17.65115248
1252,18,568.1816183,18.31891061,241.7458223,7.794198134,53,1.708788583,54,1.741029877,318.5720987,20.25153914
1253,18,568.2132159,18.31992935,265.4127753,8.557251324,53,1.708788583,54,1.741029877,316.7936337,20.42504409
1254,18,568.2626218,18.32152226,289.0651019,9.319832937,53,1.708788583,53,1.708788583,323.8936661,18.14975631
1255,18,568.322866,18.32346462,312.700575,10.08187117,53,1.708788583,54,1.741029877,326.4503699,18.98671391
1256,18,568.398054,18.32588877,336.1264927,10.83715308,54,1.741029877,53,1.708788583,325.8994038,18.78362832
1257,18,568.4629223,18.32798021,359.6805616,11.59656674,53,1.708788583,54,1.741029877,328.2441851,21.30114135
1258,18,568.5807726,18.33177986,383.428446,12.36222926,53,1.708788583,54,1.741029877,323.3560811,22.23924495
1259,18,568.5923818,18.33215415,407.0608581,13.12416881,52,1.676547289,55,1.773271171,322.5058486,22.8891809
1260,18,568.6546096,18.33416046,430.9439788,13.89419152,53,1.708788583,55,1.773271171,326.2659391,24.8027361
1261,18,568.7640798,18.33768992,454.6177384,14.65746417,52,1.676547289,54,1.741029877,326.6260421,21.17871397
1310,19,571.3718211,18.42176687,45.67348728,1.472572332,66,2.127925405,67,2.160166699,331.3384461,18.09853801
1311,19,571.3861038,18.42222737,69.3963647,2.237428598,66,2.127925405,67,2.160166699,332.2216781,18.67800587
1312,19,571.3776673,18.42195536,93.07278574,3.000787049,66,2.127925405,67,2.160166699,332.1359345,20.53670664
1313,19,571.3308051,18.42044447,116.9355309,3.770152833,66,2.127925405,66,2.127925405,325.65733,21.47477399
1314,19,571.2782482,18.41874996,141.0093431,4.546323688,66,2.127925405,65,2.095684111,324.8081431,20.55828221
1315,19,571.1799127,18.4155795,164.9350801,5.317720409,67,2.160166699,65,2.095684111,331.8684011,20.49243306
1316,19,571.0790159,18.41232646,188.8072359,6.087389604,67,2.160166699,65,2.095684111,333.8113324,20.33940972
1317,19,571.0521814,18.41146127,212.5084117,6.851546183,67,2.160166699,66,2.127925405,333.3823833,20.07990868
1318,19,571.0022447,18.40985125,236.3406285,7.61992769,67,2.160166699,66,2.127925405,331.7458185,17.91577765
1319,19,570.9137126,18.40699686,260.1637813,8.388016963,67,2.160166699,68,2.192407993,322.3007502,19.71165476
1320,19,570.7815035,18.40273427,284.0013521,9.156571092,68,2.192407993,69,2.224649287,329.948309,18.40416329
1321,19,570.9059327,18.40674603,308.0625334,9.932334713,69,2.224649287,69,2.224649287,337.8311068,16.55733761
1322,19,570.8050646,18.40349391,332.0208388,10.70478148,70,2.256890581,69,2.224649287,341.2984839,16.12694642
1323,19,570.8161574,18.40385156,356.0393578,11.47916962,70,2.256890581,71,2.289131875,339.8972442,16.2503884
1324,19,570.7502559,18.40172681,380.0632037,12.25372949,70,2.256890581,71,2.289131875,336.6485274,16.93140517
1325,19,570.6934788,18.39989624,404.3527024,13.03685436,70,2.256890581,72,2.321373169,334.6517033,17.70674784
1326,19,570.6584071,18.39876548,428.5694058,13.81763222,71,2.289131875,72,2.321373169,340.1884453,16.28434101
1327,19,570.6628759,18.39890956,452.7738185,14.5980138,71,2.289131875,72,2.321373169,345.5539912,15.75214755
1374,20,592.7157521,19.10992283,78.48559021,2.53047699,57,1.837753759,56,1.805512465,250.0257066,29.17291749
1376,20,592.8427773,19.11401829,125.8639266,4.058015862,57,1.837753759,55,1.773271171,254.0684395,32.9952134
1377,20,593.2155761,19.1260378,149.5616218,4.822060222,57,1.837753759,56,1.805512465,257.077911,31.00080354
1378,20,593.527389,19.13609105,173.3206717,5.588082735,57,1.837753759,56,1.805512465,256.9860237,34.5516
1382,20,594.8336731,19.17820734,268.6840603,8.662721785,55,1.773271171,56,1.805512465,250.9988002,37.95762021
1383,20,595.1781377,19.18931332,292.5538462,9.432314568,55,1.773271171,56,1.805512465,255.5394767,34.01699717
1384,20,595.5925778,19.20267541,316.5263368,10.20521869,57,1.837753759,56,1.805512465,256.9607309,31.4548722
1385,20,596.0554006,19.21759742,340.4842567,10.97765303,56,1.805512465,56,1.805512465,255.3955292,32.46294821
1386,20,596.3269537,19.22635264,364.484051,11.75143745,56,1.805512465,56,1.805512465,257.7648224,29.44834464
1387,20,596.676868,19.23763433,388.4813196,12.52514044,56,1.805512465,56,1.805512465,260.7533203,30.57165542
1388,20,597.0981547,19.25121716,412.4063604,13.29651472,57,1.837753759,56,1.805512465,263.2795176,27.21571709
1389,20,597.4846004,19.26367667,436.4218324,14.07080461,57,1.837753759,56,1.805512465,266.1905143,25.19001171
1390,20,597.7468208,19.27213099,460.4936416,14.84691089,57,1.837753759,56,1.805512465,263.8605419,24.51040864
1384,21,583.2275574,18.80401115,48.61318222,1.567351901,61,1.966718935,70,2.256890581,329.5284589,19.22643198
1385,21,583.2587287,18.80501616,72.18621307,2.327376919,63,2.031201523,69,2.224649287,330.0426093,19.40972844
1386,21,583.264453,18.80520072,95.82033798,3.089371689,62,1.998960229,70,2.256890581,323.4865571,21.44948148
1387,21,583.3023324,18.806422,119.6300561,3.857027811,62,1.998960229,70,2.256890581,320.932661,22.34967513
1388,21,583.3157895,18.80685587,143.7158486,4.633584929,63,2.031201523,69,2.224649287,320.8671075,21.94769504
1389,21,583.2427386,18.80450061,167.5726141,5.40275792,63,2.031201523,68,2.192407993,318.2095628,21.61481481
1390,21,583.3902007,18.80925498,191.5853011,6.17695802,64,2.063442817,68,2.192407993,315.7020554,19.78653676
1391,21,583.4644327,18.81164832,215.5490888,6.949581545,65,2.095684111,67,2.160166699,311.3647732,19.60017626
1392,21,583.5365641,18.81397393,239.5574579,7.723642433,65,2.095684111,67,2.160166699,309.4905411,19.06179286
1393,21,583.5276267,18.81368578,263.6492986,8.500394552,66,2.127925405,67,2.160166699,311.3410311,18.6497709
1394,21,583.5768463,18.81527268,287.8049615,9.279204382,67,2.160166699,66,2.127925405,320.7821867,15.34397264
1395,21,583.5931345,18.81579783,311.9344401,10.05716999,69,2.224649287,65,2.095684111,332.3684107,14.92569659
1396,21,583.6521981,18.81770212,335.9421258,10.83120885,69,2.224649287,65,2.095684111,331.0284864,14.92988314
1397,21,583.6417054,18.81736382,359.924023,11.60441625,71,2.289131875,66,2.127925405,327.5351023,15.05349345
1398,21,583.7000806,18.81924591,383.9518947,12.37910592,72,2.321373169,67,2.160166699,320.7771942,19.99919311
1399,21,583.6746285,18.8184253,408.0881104,13.15728875,72,2.321373169,67,2.160166699,322.460701,20.82032909
1400,21,583.752504,18.82093611,432.1960991,13.9345615,73,2.353614463,67,2.160166699,328.2185763,19.36066438
1401,21,583.8254135,18.82328681,456.2210554,14.70915718,74,2.385855757,67,2.160166699,329.5077969,17.29306723
1536,22,475.8109021,15.34075919,29.69850458,0.957518218,52,1.676547289,50,1.612064701,285.7926858,39.36578313
1537,22,475.739388,15.33845348,53.53257651,1.725959538,52,1.676547289,49,1.579823407,292.6408302,36.67307692
1538,22,475.657045,15.33579864,76.87133072,2.478431175,52,1.676547289,49,1.579823407,298.5568479,32.70533529
1539,22,475.5610577,15.33270388,100.4240385,3.23780095,52,1.676547289,50,1.612064701,295.1946523,35.94807692
1540,22,475.5505458,15.33236496,124.0379687,3.999144617,52,1.676547289,51,1.644305995,291.3902274,33.37416904
1541,22,475.5102332,15.33106523,147.6006663,4.75883648,52,1.676547289,50,1.612064701,285.7138081,32.65033302
1542,22,475.3724071,15.32662154,171.5026532,5.529467464,53,1.708788583,50,1.612064701,283.3113917,31.94978271
1543,22,475.2400394,15.32235383,195.3128382,6.29713864,53,1.708788583,49,1.579823407,286.5763115,31.60796852
1544,22,475.1368729,15.31902761,218.8762786,7.056854451,53,1.708788583,49,1.579823407,288.5156232,30.4539698
1545,22,475.0855769,15.31737377,242.6211538,7.822419954,53,1.708788583,49,1.579823407,288.5611854,29.0962001
1546,22,475.0367542,15.31579966,266.3875895,8.588680594,53,1.708788583,50,1.612064701,283.8818331,30.4248927
1547,22,474.8675975,15.31034583,290.1771786,9.355687731,53,1.708788583,50,1.612064701,276.9774834,33.92548077
1548,22,474.7796526,15.30751037,314.3578164,10.13530278,53,1.708788583,48,1.547582113,277.3666256,36.15029762
1549,22,474.570363,15.3007626,338.1427151,10.90215869,52,1.676547289,48,1.547582113,279.5132758,37.00546992
1550,22,474.5244858,15.29928346,361.8285994,11.66582226,52,1.676547289,49,1.579823407,270.9485289,39.4295499
1551,22,474.4030933,15.29536961,385.8269696,12.43956076,53,1.708788583,49,1.579823407,274.4007271,38.34494436
1552,22,474.3617021,15.29403511,409.6029981,13.20613069,53,1.708788583,50,1.612064701,277.8795633,41.57777778
1553,22,474.2611904,15.29079448,433.7088047,13.98333309,53,1.708788583,50,1.612064701,272.10936,44.69847516
1554,22,474.1294058,15.28654557,457.9138973,14.76373659,53,1.708788583,47,1.515340819,277.5052989,44.46118952
1614,23,492.684058,15.88477157,42.52898551,1.371189526,53,1.708788583,50,1.612064701,301.8327513,34.69535783
1615,23,492.4053659,15.87578617,66.13804878,2.132376276,53,1.708788583,49,1.579823407,307.868388,33.61493411
1616,23,492.3033981,15.8724986,89.74902913,2.893624835,53,1.708788583,49,1.579823407,310.3263647,33.94223301
1617,23,492.2094692,15.86947021,113.2821616,3.65236348,53,1.708788583,50,1.612064701,305.3394313,28.29732314
1618,23,492.0426654,15.86409224,136.9295302,4.414785242,53,1.708788583,49,1.579823407,303.8027682,26.45855295
1619,23,491.868939,15.85849108,160.5223236,5.17544743,53,1.708788583,50,1.612064701,301.1816068,28.47310279
1620,23,491.7013685,15.85308839,184.2629521,5.940876014,52,1.676547289,49,1.579823407,298.6922694,29.07233627
1621,23,491.5489716,15.84817491,207.9515181,6.704626036,52,1.676547289,49,1.579823407,297.7480182,27.66617719
1622,23,491.316297,15.84067318,231.5930569,7.466859838,53,1.708788583,50,1.612064701,298.7845914,27.77879518
1623,23,491.1891377,15.8365734,255.3211053,8.231882823,53,1.708788583,50,1.612064701,303.2880148,25.64139247
1624,23,491.0133588,15.83090606,279.0591603,8.997228434,53,1.708788583,51,1.644305995,302.433497,26.96995708
1625,23,490.8085824,15.82430381,302.8847637,9.765396719,53,1.708788583,50,1.612064701,294.2436085,30.94744455
1626,23,490.5611546,15.81632642,326.8732877,10.53881777,52,1.676547289,49,1.579823407,297.0896414,33.62457171
1627,23,490.3296278,15.80886169,350.6341228,11.30489784,53,1.708788583,50,1.612064701,303.1466805,36.6763285
1628,23,490.1903396,15.80437086,374.4567193,12.07296918,53,1.708788583,50,1.612064701,303.6934809,34.93591583
1629,23,489.9761791,15.79746605,398.3592187,12.84361669,53,1.708788583,50,1.612064701,304.9303206,34.70781697
1630,23,489.7599045,15.79049308,422.1966587,13.6121666,52,1.676547289,51,1.644305995,305.4310377,38.79427208
1631,23,489.5969859,15.78524037,446.2882839,14.38891178,52,1.676547289,50,1.612064701,304.942658,40.19922065
1632,23,489.4865262,15.78167901,470.2199902,15.16050095,52,1.676547289,49,1.579823407,305.716778,35.12303922
1631,24,461.0253521,14.86405392,49.85513078,1.60739393,59,1.902236347,53,1.708788583,280.1440344,36.77898551
1632,24,461.1891892,14.86933624,73.33942766,2.36455805,59,1.902236347,54,1.741029877,285.5157583,35.829559
1633,24,461.3024523,14.87298799,96.93032308,3.125159045,59,1.902236347,55,1.773271171,282.591902,33.6692607
1634,24,461.4752475,14.87855913,120.6904037,3.891214789,60,1.934477641,56,1.805512465,287.9219104,33.34716407
1635,24,461.6716924,14.88489277,144.4557105,4.657439034,59,1.902236347,56,1.805512465,281.201897,33.26131222
1636,24,461.8393468,14.89029816,168.3638435,5.42826818,59,1.902236347,56,1.805512465,277.0494024,31.7919514
1637,24,461.8486715,14.89059881,192.3946862,6.203053643,59,1.902236347,56,1.805512465,281.9627557,29.39414935
1638,24,461.9821564,14.89490253,216.1070615,6.967571308,59,1.902236347,56,1.805512465,283.9505067,27.41811979
1639,24,462.1147845,14.89917864,239.9060178,7.734880456,59,1.902236347,57,1.837753759,283.911003,26.81136279
1640,24,462.1978629,14.90185719,263.8754606,8.507686307,60,1.934477641,57,1.837753759,287.6503871,25.72800883
1641,24,462.3359059,14.90630787,287.7772878,9.278312144,60,1.934477641,58,1.869995053,277.4200627,29.28880734
1642,24,462.4300752,14.90934401,311.9842105,10.05877466,60,1.934477641,57,1.837753759,276.9739366,29.34774436
1643,24,462.5978756,14.91475412,335.8672231,10.82879389,60,1.934477641,57,1.837753759,283.0052411,27.21599091
1644,24,462.7210782,14.91872633,359.7285661,11.59811446,59,1.902236347,57,1.837753759,282.2667098,27.72397004
1645,24,462.8501665,14.9228883,383.7795043,12.37354783,59,1.902236347,57,1.837753759,278.4915667,28.2054034
1646,24,462.9364312,14.92566959,407.9171004,13.15177517,59,1.902236347,57,1.837753759,281.2576663,33.3950984
1647,24,463.0926977,14.93070782,432.0658343,13.9303616,59,1.902236347,57,1.837753759,279.0249769,36.77277883
1648,24,463.1576893,14.93280323,456.4231069,14.71567158,59,1.902236347,55,1.773271171,288.6773708,36.8530676
1699,25,591.1074177,19.05806805,52.25330871,1.684714289,63,2.031201523,66,2.127925405,323.9779141,13.54201293
1700,25,591.1092044,19.05812565,75.85522621,2.44567065,63,2.031201523,65,2.095684111,322.9898572,13.66354557
1701,25,591.1275063,19.05871573,99.41760652,3.205352282,63,2.031201523,66,2.127925405,318.3734695,15.17757595
1702,25,591.1016043,19.05788061,123.0921673,3.968650758,63,2.031201523,67,2.160166699,318.8331921,17.99339623
1704,25,591.0748885,19.05701926,170.651689,5.502031278,63,2.031201523,66,2.127925405,319.9080071,19.39171975
1705,25,591.0379706,19.05582898,194.425335,6.26852439,63,2.031201523,66,2.127925405,317.0779238,18.81403509
1706,25,591.051784,19.05627434,218.167035,7.033987521,63,2.031201523,67,2.160166699,316.59449,18.42893241
1707,25,591.1648936,19.05992114,242.1001252,7.805621315,63,2.031201523,67,2.160166699,306.619242,18.67187989
1708,25,591.2751699,19.06347659,265.9975293,8.57610455,63,2.031201523,67,2.160166699,302.7610449,19.89472059
1709,25,591.3261002,19.06511865,289.9049511,9.346910764,63,2.031201523,67,2.160166699,310.5673142,15.66778729
1710,25,591.5001504,19.07073026,313.7873684,10.1169108,64,2.063442817,67,2.160166699,320.4526022,15.25714286
1711,25,591.5924395,19.07370578,337.6145895,10.88513124,64,2.063442817,67,2.160166699,319.4622903,16.81965762
1712,25,591.6536909,19.0756806,361.5544983,11.65698488,65,2.095684111,67,2.160166699,320.5733706,16.58568956
1713,25,591.6560224,19.07575577,385.5201681,12.42966909,66,2.127925405,69,2.224649287,316.5383621,19.18235294
1714,25,591.6341463,19.07505046,409.5757742,13.20525296,66,2.127925405,69,2.224649287,320.2887487,14.73212818
1715,25,591.6018692,19.0740098,433.705741,13.98323431,68,2.192407993,71,2.289131875,326.0856334,14.51121196
1716,25,591.6137015,19.07439129,457.7442042,14.75826547,70,2.256890581,71,2.289131875,330.3271559,12.56264652
1769,26,593.3973034,19.13189692,44.04314607,1.420008022,54,1.741029877,51,1.644305995,392.7860799,22.33123596
1770,26,593.3318446,19.12978645,67.54220634,2.177648133,54,1.741029877,52,1.676547289,390.0300284,23.86390004
1771,26,593.1975914,19.12545795,91.10660125,2.937394717,54,1.741029877,53,1.708788583,390.8868736,25.75969683
1772,26,593.041779,19.12043436,114.5947889,3.69468428,54,1.741029877,52,1.676547289,394.4539787,27.01481814
1773,26,592.9152164,19.11635382,138.1356537,4.453672225,53,1.708788583,53,1.708788583,392.3750467,27.23851984
1774,26,592.8127508,19.11305019,161.7271511,5.214292629,53,1.708788583,54,1.741029877,390.6029088,26.59589652
1775,26,592.697912,19.10934764,185.3029765,5.974407745,54,1.741029877,54,1.741029877,378.5942542,26.38649489
1776,26,592.6503776,19.10781507,209.0319858,6.739461711,54,1.741029877,53,1.708788583,374.5318106,27.07767421
1777,26,592.434802,19.10086463,232.6680018,7.501517452,53,1.708788583,54,1.741029877,374.6400297,28.39118825
1778,26,592.2890974,19.09616693,256.3284182,8.264359896,53,1.708788583,54,1.741029877,379.291091,29.07506702
1779,26,592.2360304,19.09445598,280.0183281,9.028153245,53,1.708788583,53,1.708788583,388.2249175,27.87583743
1780,26,592.1572833,19.09191707,303.6921358,9.79142744,53,1.708788583,54,1.741029877,387.1651255,26.88308791
1781,26,592.0892459,19.08972346,327.4783579,10.55832602,53,1.708788583,54,1.741029877,383.6471059,25.95452519
1782,26,591.9883146,19.0864693,351.2647191,11.32522908,53,1.708788583,53,1.708788583,389.9435387,26.6458427
1783,26,591.9099099,19.08394143,375.1108108,12.09405794,53,1.708788583,53,1.708788583,391.6077485,27.38181
1784,26,591.8634921,19.08244486,398.8444444,12.859261,53,1.708788583,52,1.676547289,391.520555,26.28105168
1785,26,591.709692,19.07748615,422.6499094,13.62677999,54,1.741029877,52,1.676547289,386.0826178,23.79583522
1786,26,591.6406321,19.07525957,446.5625282,14.39775377,54,1.741029877,52,1.676547289,380.3606923,22.12133514
1787,26,591.5223275,19.07144527,470.5083446,15.16979787,54,1.741029877,52,1.676547289,374.6880811,23.23996392
1844,27,556.3896283,17.93872159,27.4428637,0.884793437,53,1.708788583,52,1.676547289,407.1706557,19.78981184
1845,27,556.3700138,17.93808919,50.82118294,1.638540701,54,1.741029877,52,1.676547289,411.0269449,19.08256881
1846,27,556.3853881,17.93858488,74.30136986,2.395572311,54,1.741029877,52,1.676547289,411.9061042,20.14787768
1847,27,556.4854015,17.94180944,97.84808394,3.154748843,54,1.741029877,51,1.644305995,414.1233877,21.05613875
1848,27,556.5212038,17.94296376,121.3009576,3.910899838,54,1.741029877,52,1.676547289,408.1658774,24.14292237
1849,27,556.5388128,17.94353149,144.9210046,4.672440717,54,1.741029877,51,1.644305995,405.1346646,23.80273973
1850,27,556.4543389,17.94080795,168.4643344,5.431508136,54,1.741029877,52,1.676547289,400.0273744,24.67878237
1851,27,556.4071038,17.93928502,192.0546448,6.192090269,54,1.741029877,51,1.644305995,396.0143986,24.00318761
1852,27,556.4263039,17.93990406,215.7047619,6.954600648,54,1.741029877,52,1.676547289,395.6312343,25.82411605
1853,27,556.3966379,17.93894759,239.3911858,7.718281606,54,1.741029877,52,1.676547289,401.3729734,26.96547024
1854,27,556.4468764,17.94056734,262.999544,8.479445623,54,1.741029877,53,1.708788583,408.3943043,26.92160438
1855,27,556.3609467,17.93779686,286.693218,9.243360333,53,1.708788583,52,1.676547289,415.8420227,29.02594447
1856,27,556.3700501,17.93809036,310.3923532,10.00745112,53,1.708788583,52,1.676547289,421.6061783,28.16993166
1857,27,556.3524852,17.93752405,334.1974464,10.77495813,53,1.708788583,52,1.676547289,420.9794345,29.39033288
1858,27,555.4048035,17.90696956,358.9742358,11.57379388,54,1.741029877,54,1.741029877,395.6136327,33.98907343
1861,27,556.3870379,17.93863807,429.3728891,13.84353756,53,1.708788583,52,1.676547289,423.15581,30.16795984
1862,27,556.4002738,17.93906482,453.2067549,14.61197223,53,1.708788583,53,1.708788583,422.3302452,26.71930625
1868,28,487.1203998,15.70539203,33.29259428,1.07339632,55,1.773271171,51,1.644305995,328.3183472,29.14961346
1869,28,487.009633,15.70182076,56.95137615,1.836186063,54,1.741029877,51,1.644305995,336.1421445,32.72510326
1870,28,487.052825,15.70321333,80.3628847,2.591003393,53,1.708788583,52,1.676547289,355.8247193,31.13964171
1871,28,487.184832,15.70746941,103.9191644,3.350488333,53,1.708788583,53,1.708788583,353.7381058,27.12012693
1872,28,487.1816143,15.70736566,127.6264574,4.114842137,52,1.676547289,54,1.741029877,344.4531183,29.16636771
1873,28,487.2283784,15.7088734,151.3612613,4.880082926,51,1.644305995,55,1.773271171,354.9114025,23.48761819
1874,28,487.2354533,15.7091015,175.1222373,5.646167539,51,1.644305995,55,1.773271171,357.6428573,26.56904332
1875,28,487.3196203,15.71181515,198.8196203,6.410201832,51,1.644305995,55,1.773271171,361.7626464,28.44660633
1876,28,487.4009857,15.71443848,222.4892473,7.173341237,52,1.676547289,55,1.773271171,367.6775069,25.98790323
1877,28,487.5143361,15.71809305,246.2531981,7.93952176,52,1.676547289,55,1.773271171,362.9977704,29.90343915
1878,28,487.5316344,15.71865077,270.1603691,8.710319889,52,1.676547289,55,1.773271171,356.6970371,26.16549605
1879,28,487.5356037,15.71877874,294.0420168,9.480295115,53,1.708788583,55,1.773271171,345.2954462,28.82264485
1880,28,487.5561998,15.71944279,317.9464764,10.25100582,54,1.741029877,53,1.708788583,345.7802925,28.90406069
1881,28,487.7101514,15.72440638,341.752894,11.01855554,54,1.741029877,52,1.676547289,338.4793847,23.11714922
1882,28,487.8097561,15.72761777,365.5534368,11.78591583,55,1.773271171,52,1.676547289,326.3747618,22.63797693
1883,28,487.8736142,15.72967664,389.6496674,12.56280949,55,1.773271171,51,1.644305995,322.0784664,22.37411348
1884,28,487.8187057,15.72790631,413.5695922,13.33401882,56,1.805512465,51,1.644305995,323.6019018,23.28368794
1885,28,487.8760072,15.72975379,437.503581,14.10568159,57,1.837753759,50,1.612064701,325.7376727,25.13288591
1886,28,487.9535519,15.73225393,461.5159381,14.87987105,57,1.837753759,48,1.547582113,328.705759,25.6021848
1923,29,606.9794239,19.56980206,45.32418839,1.461310484,53,1.708788583,52,1.676547289,373.5941005,27.7200366
1924,29,606.8857669,19.56678244,68.81529249,2.218694078,53,1.708788583,52,1.676547289,373.957048,28.27360663
1925,29,606.8017601,19.56407395,92.25752663,2.974502041,54,1.741029877,51,1.644305995,376.2600933,28.52451434
1926,29,606.7240741,19.56156926,115.8041667,3.733676185,54,1.741029877,51,1.644305995,378.2876919,28.48703704
1927,29,606.5848007,19.5570789,139.2905468,4.490907472,54,1.741029877,51,1.644305995,378.7075562,28.6978684
1928,29,606.5032377,19.55444921,162.8959297,5.251975562,54,1.741029877,51,1.644305995,373.8179311,28.49583719
1929,29,606.5032407,19.5544493,186.4907407,6.012702803,54,1.741029877,51,1.644305995,365.1689192,26.38055556
1930,29,606.4746777,19.55352839,210.1588398,6.775792942,54,1.741029877,51,1.644305995,358.7584454,27.229848
1931,29,606.350298,19.54951823,233.8606144,7.539968826,54,1.741029877,51,1.644305995,355.3251107,27.6
1932,29,606.2203004,19.54532694,257.5461994,8.303622735,54,1.741029877,52,1.676547289,360.1761351,28.09372157
1933,29,606.2036117,19.54478888,281.2848758,9.068988383,54,1.741029877,52,1.676547289,367.0947266,26.09846432
1934,29,606.1818182,19.54408622,304.968652,9.832583974,54,1.741029877,53,1.708788583,370.7770848,25.68562472
1935,29,606.0956831,19.54130912,328.82332,10.60168934,54,1.741029877,53,1.708788583,373.3925208,24.32235085
1936,29,606.0546424,19.53998591,352.6397157,11.36956075,54,1.741029877,53,1.708788583,377.8757252,25.25122277
1937,29,605.9305002,19.53598341,376.3178398,12.13297411,53,1.708788583,53,1.708788583,379.8915659,25.37289637
1938,29,605.8954104,19.53485207,400.1932921,12.90274959,53,1.708788583,53,1.708788583,382.4167809,24.86016762
1939,29,605.8391362,19.53303771,423.995152,13.67015236,53,1.708788583,53,1.708788583,381.3566023,25.86305592
1940,29,605.7458076,19.53002868,447.940865,14.44219313,53,1.708788583,53,1.708788583,376.2109987,25.23654016
1941,29,605.709364,19.52885369,471.8595406,15.21336218,54,1.741029877,53,1.708788583,373.8499593,26.33406884
1968,30,524.4385088,16.90857615,27.5584166,0.888519012,61,1.966718935,52,1.676547289,256.6442862,30.94657955
1971,30,524.7452616,16.91846626,98.9727066,3.191008132,62,1.998960229,54,1.741029877,262.6833093,26.01780978
1972,30,524.8630908,16.92226523,122.5442611,3.95098555,62,1.998960229,54,1.741029877,266.59183,26.53410795
1973,30,524.9996278,16.92666736,146.116859,4.710996609,62,1.998960229,55,1.773271171,270.8835421,26.90658727
1974,30,525.1430159,16.93129037,169.7751019,5.473768976,62,1.998960229,55,1.773271171,258.9683215,30.36420897
1976,30,525.3126615,16.93675997,218.0705057,7.03087529,61,1.966718935,56,1.805512465,254.1156137,29.20169617
1977,30,525.3711265,16.93864495,241.8246445,7.796739464,61,1.966718935,57,1.837753759,267.8104656,28.48743169
1978,30,525.4554313,16.94136305,265.4453266,8.558300819,60,1.934477641,58,1.869995053,275.3990259,28.48573492
1979,30,525.5738819,16.94518205,289.1549195,9.322728774,60,1.934477641,59,1.902236347,275.0329761,33.54685265
1980,30,525.7831843,16.95193023,313.2035778,10.09808864,60,1.934477641,59,1.902236347,267.1138207,35.52899069
1981,30,525.9006433,16.95571726,337.722659,10.88861554,60,1.934477641,60,1.934477641,262.9187219,33.36158798
1982,30,525.9016393,16.95574937,361.8121882,11.66529314,60,1.934477641,60,1.934477641,275.3567816,36.83707665
1983,30,526.0493608,16.96051211,385.6743608,12.43464046,59,1.902236347,61,1.966718935,283.9859136,29.58430955
1984,30,526.2213144,16.96605611,409.4639432,13.20164738,59,1.902236347,60,1.934477641,285.7184201,34.14204545
1985,30,526.4222697,16.97253517,433.4695838,13.9756203,59,1.902236347,60,1.934477641,277.070024,37.94128114
1986,30,526.6821121,16.98091283,457.9734195,14.76565567,58,1.869995053,61,1.966718935,268.9892706,38.23761665
2015,31,610.3133786,19.67729308,365.8960252,11.79696133,74,2.385855757,71,2.289131875,312.0454899,15.44489796
2016,31,610.471135,19.68237935,390.0611546,12.57607637,74,2.385855757,71,2.289131875,311.5593054,15.28758487
2017,31,610.6317492,19.68755776,414.1741727,13.35351127,74,2.385855757,70,2.256890581,309.593855,15.53950617
2018,31,610.8378653,19.69420321,438.3778907,14.13387046,73,2.353614463,69,2.224649287,315.1440331,16.04847261
2019,31,611.0585644,19.70131883,462.5309666,14.91259688,72,2.321373169,69,2.224649287,309.3643064,15.44785751
2161,32,589.9572973,19.02098668,43.31837838,1.396640573,71,2.289131875,66,2.127925405,330.5764587,12.99918853
2162,32,589.9202355,19.01979176,66.84421842,2.155144099,73,2.353614463,65,2.095684111,333.1580689,10.90904227
2163,32,589.7792208,19.01524526,90.42274052,2.915346163,74,2.385855757,64,2.063442817,331.5029312,11.11979857
2164,32,589.7005249,19.012708,114.1548556,3.680500264,76,2.450338345,64,2.063442817,326.5800762,12.42230971
2165,32,589.66875,19.01168354,137.9721354,4.448400183,76,2.450338345,63,2.031201523,324.3309544,12.21588542
2166,32,589.621334,19.01015479,161.7165845,5.213951947,78,2.514820933,62,1.998960229,322.9047072,11.06202959
2167,32,589.5435063,19.00764552,185.5148464,5.981238705,79,2.547062227,62,1.998960229,327.1738539,11.07384456
2168,32,589.433797,19.00410835,209.2851623,6.747624449,79,2.547062227,62,1.998960229,331.6578798,10.72804533
2169,32,589.3381369,19.00102414,233.2249099,7.519472892,79,2.547062227,62,1.998960229,326.8708237,12.18960638
2170,32,589.2191604,18.99718819,257.1568375,8.291069205,79,2.547062227,61,1.966718935,325.4301101,14.49600824
2171,32,589.1444818,18.99478045,281.0684932,9.062011925,79,2.547062227,61,1.966718935,330.9003083,13.05892996
2172,32,589.0275182,18.99100939,305.0075286,9.833837404,79,2.547062227,61,1.966718935,337.6725924,12.09527518
2173,32,588.8931557,18.98667737,328.8824451,10.60359561,79,2.547062227,61,1.966718935,340.8193702,11.37741767
2174,32,588.8353899,18.98481493,352.6752428,11.37070619,78,2.514820933,62,1.998960229,335.3068846,11.76345498
2175,32,588.7722825,18.98278026,376.5683682,12.14105147,77,2.482579639,62,1.998960229,341.3631015,13.29550265
2176,32,588.7166176,18.98098556,400.6296495,12.91681832,75,2.418097051,62,1.998960229,342.4640336,14.0990364
2177,32,588.6164865,18.9777572,424.6308108,13.69064682,74,2.385855757,64,2.063442817,337.2407472,14.18924034
2178,32,588.5983562,18.97717266,448.6945205,14.46649196,73,2.353614463,64,2.063442817,340.3951772,13.80328767
2212,33,414.3925898,13.36055332,46.28293413,1.492221687,64,2.063442817,53,1.708788583,401.9963558,23.63150019
2213,33,414.468785,13.36300996,69.85682243,2.252274351,64,2.063442817,53,1.708788583,413.2479371,22.26943199
2214,33,414.6826816,13.36990626,93.5009311,3.01459101,63,2.031201523,54,1.741029877,397.6458911,19.82613552
2215,33,414.7473098,13.37198996,117.3294991,3.782854876,63,2.031201523,55,1.773271171,395.0908224,18.43858998
2216,33,414.7904656,13.37338136,141.2246859,4.553266619,61,1.966718935,56,1.805512465,393.2840527,21.09722736
2217,33,414.8881432,13.37653061,165.0499627,5.321424374,60,1.934477641,57,1.837753759,405.1451119,20.78568766
2218,33,414.923909,13.37768374,188.8254383,6.087976472,59,1.902236347,57,1.837753759,424.8896237,21.44013428
2219,33,414.8992939,13.37689012,212.5693051,6.853509463,59,1.902236347,58,1.869995053,423.6898847,23.17242661
2220,33,414.9266667,13.37777265,236.3455556,7.620086545,57,1.837753759,59,1.902236347,412.3285241,24.32099223
2221,33,414.8964114,13.37679718,260.4587495,8.397527122,57,1.837753759,60,1.934477641,407.9919218,23.4872364
2222,33,414.8967958,13.37680958,284.5190015,9.173260779,56,1.805512465,60,1.934477641,414.0482884,25.45586592
2223,33,414.9589299,13.37881286,308.5011304,9.946475647,55,1.773271171,60,1.934477641,430.1604369,26.40542577
2224,33,415.00604,13.38033175,332.3389958,10.71503928,55,1.773271171,61,1.966718935,441.6399932,26.25830816
2225,33,415.0681476,13.38233418,356.1607681,11.48308404,55,1.773271171,61,1.966718935,425.8829341,25.37057938
2226,33,415.2035232,13.38669887,380.2113943,12.25850735,55,1.773271171,62,1.998960229,410.1255513,24.32983508
2227,33,415.3802181,13.39239574,404.3670553,13.03731712,56,1.805512465,61,1.966718935,403.496046,25.07443609
2229,33,415.6595986,13.40140333,452.5785687,14.5917187,57,1.837753759,60,1.934477641,414.9495636,25.87376801
2236,34,575.0710803,18.54103578,45.23761868,1.458519364,75,2.418097051,66,2.127925405,341.6065404,14.86779575
2237,34,575.0061633,18.53894277,68.9229584,2.222165366,75,2.418097051,67,2.160166699,343.6354242,14.94663632
2238,34,574.9904982,18.53843771,92.61684643,2.986086976,75,2.418097051,67,2.160166699,333.152053,16.53436754
2244,34,574.1188755,18.51033546,235.7145917,7.599743454,69,2.224649287,69,2.224649287,329.1550822,18.34895971
2245,34,573.8797195,18.50262476,259.5790183,8.369163449,68,2.192407993,70,2.256890581,332.0203099,17.99276086
2246,34,573.6981441,18.49677054,283.5903384,9.14331948,66,2.127925405,70,2.256890581,346.5692824,18.07605137
2247,34,573.559116,18.49228809,307.55,9.915809973,66,2.127925405,70,2.256890581,350.7056653,18.72058074
2248,34,573.4664054,18.48929898,331.4605263,10.68671628,64,2.063442817,70,2.256890581,356.2324399,18.98015464
2249,34,573.3112173,18.48429552,355.2502109,11.4537265,63,2.031201523,71,2.289131875,357.7100803,22.1632178
2250,34,573.3160709,18.484452,379.235857,12.22705477,63,2.031201523,72,2.321373169,352.9565793,25.20269221
2251,34,573.3018707,18.48399417,403.3531746,13.00462829,62,1.998960229,72,2.321373169,353.8964794,26.1850404
2252,34,573.3421053,18.48529138,427.5758009,13.78559711,62,1.998960229,72,2.321373169,353.037213,25.53095844
2253,34,573.3521086,18.48561391,451.6785095,14.56269962,62,1.998960229,72,2.321373169,350.0589209,22.4322783
2303,35,589.2088154,18.99685465,43.8184573,1.412763765,71,2.289131875,66,2.127925405,310.0546745,11.26328835
2304,35,589.1772429,18.99583671,67.58205689,2.178932966,71,2.289131875,66,2.127925405,310.8208868,10.54664843
2305,35,589.2540027,18.99831155,91.24803256,2.941954646,71,2.289131875,67,2.160166699,302.5154178,12.28532682
2306,35,589.157767,18.99520878,115.1728695,3.713322347,70,2.256890581,67,2.160166699,298.7833381,13.82497303
2307,35,589.1237252,18.99411123,139.0931294,4.484542479,70,2.256890581,68,2.192407993,306.3495806,13.13879195
2308,35,589.042696,18.99149875,163.0867347,5.258127363,70,2.256890581,68,2.192407993,309.587112,12.90225564
2309,35,588.9500939,18.98851314,187.0394419,6.030393638,70,2.256890581,68,2.192407993,311.8814396,12.33056077
2310,35,588.963743,18.9889532,210.8469741,6.797979285,70,2.256890581,68,2.192407993,310.8093408,12.31946667
2311,35,588.9947174,18.98995185,234.8005811,7.570274569,70,2.256890581,69,2.224649287,300.0192747,14.97940322
2312,35,589.1623597,18.99535686,258.6664056,8.339739635,71,2.289131875,70,2.256890581,294.2182027,17.97467363
2313,35,589.2894326,18.99945385,282.6504425,9.113016018,70,2.256890581,70,2.256890581,304.6900971,20.92111429
2314,35,589.2123894,18.99696988,306.8591879,9.893537298,70,2.256890581,71,2.289131875,317.0467664,20.85160115
2315,35,589.3612702,19.00176999,330.8539823,10.66716052,69,2.224649287,70,2.256890581,320.7844806,17.77896381
2316,35,589.4132468,19.00344578,354.9002597,11.44244362,69,2.224649287,71,2.289131875,322.8784924,20.23032978
2317,35,589.4628866,19.00504624,378.8796392,12.21556984,69,2.224649287,72,2.321373169,321.1480485,21.49948507
2318,35,589.5663922,19.00838339,403.0548121,12.9950087,69,2.224649287,72,2.321373169,321.9461457,20.35126094
2319,35,589.6286082,19.01038932,427.2296392,13.77443641,69,2.224649287,72,2.321373169,327.3116578,19.43748389
2320,35,589.6368816,19.01065606,451.4832945,14.55640564,69,2.224649287,72,2.321373169,332.6605567,18.23529412
2389,36,585.7617716,18.8857175,34.95151515,1.126882076,52,1.676547289,53,1.708788583,325.6811361,30.44423705
2390,36,585.7364739,18.88490187,58.5363806,1.887288657,52,1.676547289,52,1.676547289,324.0170742,29.10251631
2391,36,585.6356843,18.88165228,82.12797758,2.647912272,52,1.676547289,52,1.676547289,320.0064424,32.97337693
2392,36,585.5983107,18.88044731,105.6320976,3.405715516,52,1.676547289,52,1.676547289,325.0326179,34.47934272
2393,36,585.5552941,18.8790604,129.1336471,4.163435882,52,1.676547289,52,1.676547289,325.6671642,33.93079096
2394,36,585.4043152,18.87419264,152.5727017,4.919141333,52,1.676547289,52,1.676547289,323.0733559,33.67589118
2395,36,585.3319269,18.87185875,176.209564,5.68122436,52,1.676547289,52,1.676547289,317.9953409,32.34036568
2396,36,585.2801502,18.8701894,199.894885,6.44486976,52,1.676547289,51,1.644305995,302.7184261,33.64148287
2397,36,585.2763653,18.87006737,223.6031073,7.209253526,52,1.676547289,51,1.644305995,301.7543944,35.71563089
2398,36,585.1805622,18.86697855,247.2801334,7.972631484,52,1.676547289,51,1.644305995,304.3220852,34.5152381
2399,36,584.9785918,18.86046677,270.8829686,8.733617433,53,1.708788583,51,1.644305995,307.5914329,35.01427212
2400,36,584.8803419,18.85729906,294.5546059,9.496821651,53,1.708788583,50,1.612064701,308.85626,33.99952517
2401,36,584.8255319,18.85553192,318.3777778,10.26491154,53,1.708788583,50,1.612064701,309.9819454,32.85896829
2402,36,584.8046468,18.85485855,342.2285443,11.03389112,53,1.708788583,50,1.612064701,306.5510182,33.59687352
2403,36,584.7145585,18.85195399,365.9937947,11.80011354,53,1.708788583,50,1.612064701,310.2105173,35.73699284
2404,36,584.6320305,18.84929318,389.6825548,12.56386982,53,1.708788583,50,1.612064701,309.4220567,37.81276798
2405,36,584.5176358,18.84560495,413.4690181,13.33077618,53,1.708788583,50,1.612064701,312.0180815,36.20666667
2406,36,584.3783656,18.8411147,437.3141238,14.09957324,53,1.708788583,50,1.612064701,313.5896098,32.88983452
2407,36,584.2383857,18.83660157,461.1862975,14.86924301,53,1.708788583,51,1.644305995,310.9460319,33.11684655
2543,37,556.39783,17.93898602,38.55198915,1.242966017,54,1.741029877,52,1.676547289,339.4834627,31.31043832
2544,37,556.2840344,17.93531711,62.33921303,2.009896896,53,1.708788583,52,1.676547289,332.4012617,30.68325792
2545,37,556.1003163,17.9293938,85.97017623,2.771789728,53,1.708788583,53,1.708788583,334.5989785,32.25711704
2546,37,556.0398731,17.92744503,109.5908473,3.533350729,53,1.708788583,52,1.676547289,336.1613849,31.48843537
2547,37,555.9071558,17.92316605,133.1163949,4.291844827,53,1.708788583,53,1.708788583,340.7432228,32.69021739
2548,37,555.8168182,17.92025345,156.6886364,5.051844393,53,1.708788583,52,1.676547289,338.3847121,30.73748863
2549,37,555.6398363,17.91454733,180.3728968,5.815455596,52,1.676547289,52,1.676547289,325.2839377,30.55095541
2550,37,555.4695455,17.90905693,204.2645455,6.585753266,53,1.708788583,52,1.676547289,313.98127,32.59690628
2551,37,555.3182648,17.90417945,227.9981735,7.350956146,53,1.708788583,51,1.644305995,315.589892,34.78346277
2552,37,555.081044,17.89653114,251.8205128,8.119019192,54,1.741029877,51,1.644305995,321.1046627,34.24679487
2553,37,554.9959054,17.89378616,275.4504095,8.880877637,54,1.741029877,52,1.676547289,320.1323643,33.88353048
2554,37,554.8579882,17.88933953,299.2621757,9.648599793,54,1.741029877,52,1.676547289,319.211768,33.05598543
2555,37,554.7419061,17.88559689,323.1181031,10.41774576,54,1.741029877,52,1.676547289,312.7457791,32.60702875
2556,37,554.591762,17.88075606,347.1716247,11.19326242,54,1.741029877,51,1.644305995,309.9894269,33.98993596
2557,37,554.4784995,17.87710433,371.0635865,11.96357019,54,1.741029877,51,1.644305995,314.972361,34.53223594
2558,37,554.3702517,17.87361428,394.9020595,12.73215341,54,1.741029877,51,1.644305995,315.1898169,35.43844394
2559,37,554.2234432,17.86888098,418.7330586,13.50049565,54,1.741029877,51,1.644305995,313.0311551,35.68163078
2560,37,554.0236579,17.86243964,442.6956324,14.27308004,55,1.773271171,52,1.676547289,303.5986647,34.54231119
2561,37,553.9015497,17.85850272,466.8445761,15.05167324,54,1.741029877,52,1.676547289,294.40739,33.67790433
2553,38,530.2572448,17.09617973,31.54926438,1.017189109,55,1.773271171,52,1.676547289,257.8092617,41.65893892
2556,38,530.722618,17.11118396,103.1927872,3.327068991,54,1.741029877,53,1.708788583,262.6887064,33.49910953
2557,38,530.8639607,17.11574104,126.9134701,4.091854504,55,1.773271171,51,1.644305995,262.0440094,33.62739848
2558,38,531.0066756,17.12034235,150.3484646,4.847429052,55,1.773271171,52,1.676547289,259.6991302,35.58692752
2562,38,531.5192652,17.1368689,245.9905914,7.931054981,56,1.805512465,51,1.644305995,261.2037659,36.15456989
2563,38,531.6976848,17.14262138,269.5650045,8.691124564,56,1.805512465,51,1.644305995,262.4311445,37.93282918
2564,38,531.8884444,17.14877172,293.156,9.451728787,56,1.805512465,51,1.644305995,254.0140873,42.90888889
2567,38,532.283723,17.16151601,365.8435252,11.79526866,55,1.773271171,51,1.644305995,260.3213132,43.69036904
2568,38,532.5058036,17.16867618,389.5075893,12.55822871,54,1.741029877,52,1.676547289,270.9937684,42.64017857
2569,38,532.6496872,17.17331517,413.2059875,13.32229573,54,1.741029877,52,1.676547289,268.6791258,40.77792672
2570,38,532.9526786,17.183084,437.1549107,14.09444,54,1.741029877,53,1.708788583,258.6256905,45.11864407
2571,38,533.2212708,17.19174377,461.6146913,14.88305498,54,1.741029877,53,1.708788583,252.1561447,46.66756757
2633,39,351.1130435,11.32033887,24.0687747,0.776008442,41,1.321893054,39,1.257410466,427.8801761,34.81660079
2634,39,351.149881,11.32152656,46.97541634,1.514548209,40,1.28965176,39,1.257410466,431.4762094,35.06978588
2635,39,351.0886076,11.31955102,69.7943038,2.250258669,41,1.321893054,40,1.28965176,432.3784628,35.20648734
2636,39,350.9629921,11.31550102,92.54330709,2.983715973,41,1.321893054,40,1.28965176,424.6484759,36.75531078
2637,39,350.8959811,11.31334049,115.4602049,3.722586412,41,1.321893054,40,1.28965176,419.6339597,35.70504732
2638,39,350.8245476,11.31103739,138.404406,4.462337146,41,1.321893054,40,1.28965176,414.9921961,37.72698662
2639,39,350.8246445,11.31104051,161.2954186,5.200373015,41,1.321893054,39,1.257410466,419.4492092,36.81911532
2640,39,350.8399682,11.31153456,184.2969745,5.941972941,41,1.321893054,39,1.257410466,431.0039297,36.27684964
2641,39,350.7488038,11.30859531,207.2049442,6.680555526,41,1.321893054,39,1.257410466,429.4798026,35.78850758
2642,39,350.6855547,11.30655607,230.1197127,7.419357315,41,1.321893054,39,1.257410466,422.4418874,35.19218501
2643,39,350.6166134,11.30433332,253.1261981,8.161116174,40,1.28965176,39,1.257410466,415.802832,33.80925778
2644,39,350.5637959,11.30263041,276.2161085,8.905564763,40,1.28965176,39,1.257410466,420.6552008,34.08054226
2645,39,350.536255,11.30174246,299.3083665,9.650089045,40,1.28965176,39,1.257410466,428.3638566,33.87639553
2646,39,350.553429,11.30229617,322.2830941,10.39082399,40,1.28965176,39,1.257410466,433.4005095,34.68261563
2647,39,350.4864865,11.30013786,345.2519873,11.13137083,40,1.28965176,39,1.257410466,429.834263,34.48489666
2648,39,350.4905363,11.30026843,368.384858,11.87720452,40,1.28965176,40,1.28965176,419.6838877,35.95971564
2649,39,350.4264476,11.29820213,391.4874804,12.62206296,40,1.28965176,40,1.28965176,412.6451992,36.95536413
2650,39,350.3785266,11.29665709,414.684953,13.36997949,40,1.28965176,40,1.28965176,416.5375401,36.72705882
2651,39,350.318612,11.29472537,437.8659306,14.11736421,40,1.28965176,40,1.28965176,420.676763,37.26735016
2652,39,350.3108644,11.29447557,460.998414,14.8631854,40,1.28965176,39,1.257410466,428.9158718,36.61428571
2777,40,583.0470252,18.79819056,37.24266043,1.200751565,67,2.160166699,71,2.289131875,328.6491705,18.25116883
2778,40,582.9023816,18.79352706,60.56398848,1.952661359,67,2.160166699,71,2.289131875,340.1516371,15.25327054
2779,40,582.8989179,18.79341539,84.25442069,2.716471549,69,2.224649287,69,2.224649287,341.6917914,12.43057022
2780,40,582.8155443,18.79072732,107.9260048,3.479674052,70,2.256890581,68,2.192407993,339.9729743,14.07608406
2781,40,582.7222372,18.78771898,131.7609572,4.248143762,71,2.289131875,67,2.160166699,339.0169659,12.96558215
2782,40,582.5983673,18.78372525,155.5888435,5.016385649,72,2.321373169,65,2.095684111,342.6041572,12.47918367
2783,40,582.4402862,18.77862851,179.3637865,5.782920574,73,2.353614463,64,2.063442817,337.4164536,12.64657308
2784,40,582.4572378,18.77917505,203.0833103,6.547668715,74,2.385855757,63,2.031201523,341.0018107,11.89451827
2785,40,582.3434203,18.77550543,226.8573015,7.314172956,75,2.418097051,63,2.031201523,331.8758076,13.70638889
2786,40,582.4194444,18.77795655,250.7286111,8.083814868,76,2.450338345,62,1.998960229,325.0944384,15.45903916
2787,40,582.3727679,18.77645163,274.6916853,8.856415387,77,2.482579639,60,1.934477641,331.0362683,15.00585938
2788,40,582.3038117,18.7742284,298.6684417,9.629457041,77,2.482579639,60,1.934477641,338.192547,14.14998598
2789,40,582.2226595,18.77161195,322.5563677,10.39963469,77,2.482579639,59,1.902236347,344.1910895,12.62974417
2790,40,582.1599888,18.76959136,346.5261978,11.17245303,77,2.482579639,59,1.902236347,344.1417101,12.96105352
2791,40,582.2436364,18.77228827,370.4338462,11.94326655,76,2.450338345,59,1.902236347,339.2134837,14.15072707
2792,40,582.1617688,18.76964875,394.5088161,12.71947473,75,2.418097051,59,1.902236347,343.9655329,14.14545455
2793,40,582.194584,18.77070676,418.6186488,13.49680693,74,2.385855757,60,1.934477641,343.3301442,14.0508096
2794,40,582.0988242,18.76761933,442.6699328,14.27225145,74,2.385855757,60,1.934477641,349.1794096,12.82853147
2795,40,582.113029,18.76807731,466.6202673,15.04444123,73,2.353614463,62,1.998960229,349.9922107,12.45004175
2840,41,440.0687023,14.18838442,37.9649753,1.224039931,54,1.741029877,53,1.708788583,302.6266839,39.81087152
2841,41,439.9085145,14.18321975,61.46286232,1.981642215,54,1.741029877,52,1.676547289,313.5854225,38.3010412
2842,41,439.6784436,14.17580197,84.89490161,2.737121483,54,1.741029877,53,1.708788583,317.90405,35.4228878
2843,41,439.4613003,14.16880099,108.6196373,3.502037662,54,1.741029877,53,1.708788583,326.1304078,32.44139761
2844,41,439.3153034,14.16409386,132.3627968,4.267547849,54,1.741029877,54,1.741029877,333.8096628,27.17362637
2845,41,439.1324181,14.1581974,156.1554473,5.034653688,54,1.741029877,53,1.708788583,330.1010164,29.27015058
2846,41,438.8350515,14.14860992,179.9856567,5.802970474,54,1.741029877,53,1.708788583,335.9826594,29.59605027
2847,41,438.636036,14.1421934,203.5963964,6.564211276,54,1.741029877,52,1.676547289,344.4767777,28.59774775
2848,41,438.4356791,14.13573363,227.3218288,7.329149917,54,1.741029877,52,1.676547289,333.6538437,29.44016136
2849,41,438.1548416,14.12667907,251.2132976,8.099441789,55,1.773271171,52,1.676547289,291.477636,32.99169217
2850,41,437.9313901,14.11947471,275.2237668,8.873570385,55,1.773271171,52,1.676547289,291.5495699,33.80772608
2851,41,437.6886964,14.11164995,299.1308113,9.644364435,54,1.741029877,51,1.644305995,320.3973127,33.77200182
2852,41,437.4988442,14.10552887,322.9782709,10.41323739,54,1.741029877,51,1.644305995,327.3671615,34.23208507
2853,41,437.2460685,14.09737905,346.73358,11.1791393,55,1.773271171,51,1.644305995,325.3171757,34.39630485
2854,41,437.0622711,14.09145318,370.603022,11.94872099,55,1.773271171,51,1.644305995,270.4201618,38.7236136
2855,41,436.8678555,14.08518497,394.7206219,12.72630362,55,1.773271171,51,1.644305995,272.3948151,38.6216458
2856,41,436.6009217,14.07657868,418.8930876,13.5056552,54,1.741029877,51,1.644305995,297.2670767,35.05178735
2857,41,436.428103,14.07100678,443.0449649,14.28434297,54,1.741029877,50,1.612064701,279.9358722,39.66133455
2858,41,436.2131455,14.06407628,466.9755869,15.05589719,55,1.773271171,50,1.612064701,309.4779248,34.99014085
2918,42,426.4231089,13.74843283,33.70407315,1.086662932,58,1.869995053,51,1.644305995,342.5678788,23.37214137
2919,42,426.3691023,13.74669158,57.3006263,1.84744634,58,1.869995053,52,1.676547289,350.0572517,22.49456976
2920,42,426.2198582,13.74187976,80.82519816,2.605908978,58,1.869995053,51,1.644305995,345.6049732,22.69920734
2921,42,426.0826069,13.7374546,104.4952262,3.369061312,58,1.869995053,52,1.676547289,336.7550765,20.95603484
2922,42,425.9202989,13.73222158,128.4005812,4.139800888,58,1.869995053,52,1.676547289,293.490136,25.14593496
2923,42,425.7650502,13.72721616,152.2683946,4.90933008,57,1.837753759,52,1.676547289,340.1032318,23.32483278
2924,42,425.6248945,13.72269736,176.0586498,5.676358691,57,1.837753759,53,1.708788583,344.8019678,26.57251265
2925,42,425.3992331,13.71542175,199.7145292,6.439054854,56,1.805512465,53,1.708788583,347.280519,29.01619088
2926,42,425.1260647,13.70661444,223.4965928,7.20581936,55,1.773271171,54,1.741029877,345.6064373,27.39948893
2927,42,424.9669632,13.7014848,247.4256671,7.977323679,55,1.773271171,54,1.741029877,349.1367548,29.98475868
2928,42,424.8373673,13.69730647,271.4547771,8.752053278,55,1.773271171,54,1.741029877,349.023995,30.64249364
2929,42,424.6837129,13.69235245,295.4495058,9.525674382,54,1.741029877,54,1.741029877,352.7324189,29.97378599
2930,42,424.5448997,13.68787693,319.326068,10.29548564,54,1.741029877,54,1.741029877,355.2350442,29.42657952
2931,42,424.3175853,13.68054802,343.1583552,11.06386942,53,1.708788583,55,1.773271171,355.5269413,28.98380744
2932,42,424.2266436,13.67761594,367.0709343,11.83484191,53,1.708788583,55,1.773271171,346.7402475,29.82266436
2933,42,424.039258,13.67157439,391.2057808,12.6129806,53,1.708788583,55,1.773271171,342.2916875,30.24417601
2934,42,423.9668103,13.66923858,415.412931,13.39345045,53,1.708788583,56,1.805512465,344.3960049,30.95822567
2935,42,423.8573913,13.66571077,439.5334783,14.1711281,53,1.708788583,54,1.741029877,344.0906012,31.83130435
2936,42,423.7105035,13.66097492,463.5295139,14.94479134,54,1.741029877,54,1.741029877,351.9249622,32.51106291
3074,43,412.0954973,13.28649209,43.29440871,1.39586776,53,1.708788583,48,1.547582113,262.5817741,47.38808748
3075,43,411.9814907,13.28281637,66.7903952,2.153408769,53,1.708788583,47,1.515340819,271.8815766,46.21283951
3076,43,411.8104382,13.27730142,90.29689808,2.911288839,53,1.708788583,48,1.547582113,274.696598,41.00246063
3077,43,411.6191169,13.27113297,113.918001,3.672863762,53,1.708788583,49,1.579823407,270.6606789,40.58361609
3078,43,411.3655809,13.26295864,137.5119105,4.433561938,54,1.741029877,49,1.579823407,271.1758196,42.7204667
3079,43,411.1153091,13.25488955,161.1457311,5.195546895,53,1.708788583,49,1.579823407,264.9567481,46.74963181
3081,43,410.9300453,13.24891641,208.7881228,6.731599253,53,1.708788583,47,1.515340819,263.9330183,42.88620342
3082,43,410.500999,13.2350834,232.5464535,7.49759858,53,1.708788583,48,1.547582113,268.6490554,41.36781609
3083,43,410.4050321,13.2319893,256.326591,8.264300984,52,1.676547289,48,1.547582113,270.9693908,40.10310804
3084,43,410.2291462,13.22631852,280.0260059,9.028400787,52,1.676547289,49,1.579823407,265.8984703,41.6733693
3085,43,409.9414733,13.21704357,304.1705348,9.806851642,53,1.708788583,48,1.547582113,263.7652185,43.56357215
3086,43,409.8741722,13.21487369,328.1085074,10.57864285,53,1.708788583,47,1.515340819,269.8841726,44.05954198
3087,43,409.6546366,13.20779558,351.8250627,11.34329529,52,1.676547289,48,1.547582113,264.4984615,43.29223058
3088,43,409.4880895,13.20242589,375.6572679,12.11167642,52,1.676547289,50,1.612064701,261.7199269,42.79484686
3089,43,409.3360735,13.1975247,399.5933269,12.88340594,52,1.676547289,50,1.612064701,262.0626365,42.28709522
3090,43,409.1478261,13.19145535,423.521256,13.65487334,53,1.708788583,50,1.612064701,260.5190038,44.42898551
3091,43,409.0014993,13.18673759,447.8515742,14.43931428,53,1.708788583,49,1.579823407,257.7297813,47.2455
3092,43,408.7619287,13.17901352,471.7744852,15.21061988,53,1.708788583,48,1.547582113,265.5970139,45.69909729
3156,44,375.2320955,12.09796831,48.65915119,1.568834,56,1.805512465,52,1.676547289,312.2139682,36.44076039
3157,44,375.0617503,12.09247616,72.3034207,2.331155845,55,1.773271171,51,1.644305995,308.1705968,36.73131673
3158,44,374.8851083,12.086781,95.99734865,3.095078742,55,1.773271171,51,1.644305995,310.7317378,34.44252874
3159,44,374.6961859,12.08068989,119.6505918,3.85768991,56,1.805512465,52,1.676547289,311.2251587,34.95307018
3160,44,374.4571304,12.07298243,143.2987752,4.620137941,56,1.805512465,53,1.708788583,310.7368719,37.09886264
3161,44,374.1952611,12.06453943,166.9280386,5.381975972,55,1.773271171,53,1.708788583,309.8004859,39.52173913
3162,44,374.0419241,12.05959565,190.7736099,6.150788046,54,1.741029877,53,1.708788583,304.6520529,38.3633157
3163,44,373.778022,12.0510871,214.6887912,6.921844438,54,1.741029877,53,1.708788583,308.1843614,34.75120879
3164,44,373.5574762,12.04397642,238.3885048,7.685953871,54,1.741029877,54,1.741029877,316.6216546,35.25118893
3165,44,373.4138817,12.03934675,262.1148243,8.450921116,54,1.741029877,55,1.773271171,323.1135588,33.38722127
3166,44,373.2525597,12.03414552,285.8246587,9.215356857,54,1.741029877,55,1.773271171,322.2451325,31.52047782
3167,44,373.0588988,12.02790164,309.6252668,9.982719259,54,1.741029877,54,1.741029877,314.1023286,33.90784983
3168,44,372.9018353,12.02283771,333.6658131,10.75781758,54,1.741029877,54,1.741029877,309.8131994,32.45136519
3169,44,372.6734349,12.01547378,357.678511,11.53201803,55,1.773271171,54,1.741029877,310.7262777,31.20219966
3170,44,372.5427852,12.01126147,381.5247483,12.30085158,55,1.773271171,54,1.741029877,314.5101273,29.53210239
3171,44,372.1938861,12.00001251,405.3923786,13.07037487,56,1.805512465,54,1.741029877,317.6670965,30.81631799
3172,44,372.0129707,11.99417956,429.2916318,13.84091772,56,1.805512465,54,1.741029877,309.7519379,33.28673085
3173,44,371.750846,11.98572833,453.3489848,14.61655791,55,1.773271171,54,1.741029877,300.7419976,38.22969543
3313,45,472.2059518,15.22453093,29.94189891,0.965365566,55,1.773271171,49,1.579823407,250.1037744,39
3314,45,472.2658537,15.22646224,53.98390244,1.74051087,55,1.773271171,47,1.515340819,256.2030387,38.64585366
3315,45,472.3674669,15.22973838,77.39833415,2.495422447,55,1.773271171,46,1.483099525,262.0743653,35.29789319
3316,45,472.6524857,15.23892776,101.0549713,3.258143042,56,1.805512465,49,1.579823407,260.7211556,34.61442905
3317,45,472.8270321,15.24455536,124.7098299,4.020806291,55,1.773271171,48,1.547582113,264.4317608,34.47994337
3319,45,473.0410034,15.25145407,172.6304872,5.565830294,55,1.773271171,48,1.547582113,257.2810771,39.37295476
3320,45,473.1386042,15.25460085,196.5749146,6.337829617,55,1.773271171,48,1.547582113,263.8681692,38.22915651
3321,45,473.2419741,15.25793363,220.2065165,7.099743043,55,1.773271171,48,1.547582113,268.5601491,39.15351506
3322,45,473.4287054,15.26395409,243.9765478,7.866119611,54,1.741029877,49,1.579823407,268.152952,38.64007508
3323,45,473.5508982,15.26789374,267.8811608,8.636835264,54,1.741029877,51,1.644305995,269.8799576,36.72106962
3324,45,473.6085952,15.26975396,291.8987985,9.411194985,54,1.741029877,51,1.644305995,262.3993683,39.98106236
3325,45,473.7883877,15.27555071,316.2394434,10.19596887,54,1.741029877,50,1.612064701,265.2640666,39.61084453
3326,45,473.910469,15.27948676,340.063477,10.96408655,53,1.708788583,50,1.612064701,270.8269754,40.85206259
3327,45,474.0548893,15.28414306,363.9054428,11.73278237,53,1.708788583,51,1.644305995,268.466822,39.75564776
3328,45,474.1319728,15.28662833,387.999093,12.50959283,53,1.708788583,52,1.676547289,269.8168113,39.52242864
3329,45,474.3107319,15.29239176,411.9842838,13.28290642,53,1.708788583,53,1.708788583,265.6421026,41.41318977
3330,45,474.4236271,15.29603165,436.1993539,14.06363162,54,1.741029877,51,1.644305995,260.9505015,42.75011526
3331,45,474.5192669,15.2991152,460.6160714,14.85085819,54,1.741029877,50,1.612064701,270.8465105,42.94546309
3388,46,456.1366167,14.70643477,61.2620985,1.97516933,57,1.837753759,52,1.676547289,257.5592476,36.13948498
3389,46,455.9596945,14.70073057,84.73355961,2.731919608,57,1.837753759,52,1.676547289,258.2721138,34.64461408
3390,46,455.8232344,14.69633092,108.671542,3.503711136,57,1.837753759,53,1.708788583,261.475754,34.91652755
3391,46,455.6258902,14.68996829,132.4394638,4.27001969,57,1.837753759,52,1.676547289,259.0814022,34.63762044
3394,46,454.821024,14.66401836,204.5310376,6.594345318,56,1.805512465,50,1.612064701,252.9828021,40.85196922
3395,46,454.6356694,14.65804228,228.302336,7.360762739,56,1.805512465,50,1.612064701,257.7394359,37.69811321
3396,46,454.4339454,14.65153844,252.2776534,8.133757995,56,1.805512465,51,1.644305995,261.2696089,39.43688451
3399,46,453.7360039,14.6290359,324.8909266,10.47490389,55,1.773271171,47,1.515340819,250.3488043,42.27316602
3400,46,453.5410926,14.62275171,348.639905,11.24060168,54,1.741029877,49,1.579823407,250.595247,40.87464387
3405,46,452.3526119,14.58443356,469.9561567,15.15199462,56,1.805512465,49,1.579823407,255.9577265,43.55130597
3406,47,518.7254115,16.7243785,35.99437977,1.160505381,58,1.869995053,55,1.773271171,277.1962166,36.1143201
3407,47,518.7585505,16.72544695,60.24348534,1.942327923,58,1.869995053,54,1.741029877,270.0819487,37.22892057
3408,47,518.8200972,16.72743129,84.35656402,2.719764782,58,1.869995053,54,1.741029877,277.6022464,35.55847835
3409,47,518.8124248,16.72718393,108.0865731,3.484850983,58,1.869995053,55,1.773271171,289.7411055,33.54009623
3410,47,518.9350598,16.73113783,131.8824701,4.252061494,58,1.869995053,55,1.773271171,294.6479733,33.11752988
3411,47,519.0512922,16.73488532,155.6186879,5.017347869,57,1.837753759,56,1.805512465,288.7705676,34.1141607
3412,47,519.1921537,16.73942688,179.5364291,5.788486798,57,1.837753759,56,1.805512465,278.0263569,35.794
3413,47,519.2551557,16.74145814,203.896482,6.573886424,57,1.837753759,55,1.773271171,276.8781328,35.94012945
3414,47,519.2374798,16.74088825,227.9596123,7.349712882,57,1.837753759,55,1.773271171,283.6762812,31.81285368
3415,47,519.2617612,16.74167111,251.8890229,8.121228046,57,1.837753759,55,1.773271171,292.6414219,31.26065969
3416,47,519.3148594,16.74338307,275.8261044,8.892990528,57,1.837753759,55,1.773271171,295.0817464,31.68511833
3417,47,519.453479,16.74785234,299.7677994,9.664901754,57,1.837753759,55,1.773271171,282.9106242,34.80266344
3418,47,519.6432079,16.75396945,324.0896072,10.44906831,56,1.805512465,55,1.773271171,276.5752914,35.47504092
3419,47,519.5627049,16.75137393,348.5245902,11.23688378,56,1.805512465,54,1.741029877,277.6184379,33.74743747
3420,47,519.5907793,16.75227908,372.5940432,12.0129141,56,1.805512465,55,1.773271171,289.8174204,33.22566191
3421,47,519.648539,16.75414133,396.6217532,12.78759856,57,1.837753759,55,1.773271171,290.3862789,33.66329011
3422,47,519.7773723,16.75829508,420.5624493,13.55947758,57,1.837753759,55,1.773271171,283.658146,36.22811994
3423,47,519.9388005,16.76349973,444.8102815,14.34125907,58,1.869995053,54,1.741029877,274.0722217,38.28408163
3424,47,520.0303403,16.7664511,469.4678147,15.13624984,58,1.869995053,54,1.741029877,271.9157975,37.13382594
3622,48,360.5182752,11.62357571,48.36016427,1.559194275,55,1.773271171,56,1.805512465,264.7634752,44.84634347
3623,48,360.1619166,11.61208624,72.20115655,2.327858716,55,1.773271171,57,1.837753759,253.9437365,46.57638315
3624,48,359.9709302,11.6059286,96.15614618,3.10019858,55,1.773271171,55,1.773271171,255.0291187,44.25913621
3625,48,359.6800497,11.59655023,119.7570364,3.861121821,55,1.773271171,55,1.773271171,264.8809874,43.46917667
3626,48,359.2842367,11.58378871,143.2180389,4.6175349,56,1.805512465,55,1.773271171,267.1103966,45.24317618
3627,48,358.8624689,11.57019037,166.7912179,5.377564695,56,1.805512465,55,1.773271171,254.6337248,46.95569358
3629,48,358.0967606,11.54550294,214.9625578,6.930671029,56,1.805512465,53,1.708788583,250.5382578,40.32758621
3630,48,357.9622642,11.5411666,238.7886792,7.698856014,57,1.837753759,53,1.708788583,258.4012304,36.57753562
3631,48,357.6150628,11.52997238,262.4008368,8.460142529,58,1.869995053,52,1.676547289,260.8005437,35.64545835
3632,48,357.2146138,11.51706139,286.0793319,9.223567852,58,1.869995053,52,1.676547289,262.788506,36.47577277
3633,48,356.7676557,11.50265088,309.9155871,9.992079563,58,1.869995053,52,1.676547289,253.101443,38.46365915
3636,48,356.0360398,11.47906264,382.2178956,12.32319955,60,1.934477641,51,1.644305995,256.1807034,37.65575808
3637,48,355.6555281,11.46679445,405.9224422,13.08746481,59,1.902236347,51,1.644305995,260.3901983,39.254643
3638,48,355.2044426,11.45225087,429.7663513,13.85622329,58,1.869995053,53,1.708788583,257.0919498,42.71416804
3700,49,396.1138065,12.7712217,38.08235999,1.227824565,66,2.127925405,64,2.063442817,330.2564796,20.39388489
3701,49,395.802099,12.76117184,61.85337331,1.994232795,65,2.095684111,65,2.095684111,329.6747946,21.35202399
3702,49,395.5378451,12.75265195,85.60937964,2.760157179,65,2.095684111,66,2.127925405,323.4198726,22.51305638
3703,49,395.1609297,12.74049972,109.3030303,3.524071136,65,2.095684111,66,2.127925405,313.6954304,22.9858948
3704,49,394.7460733,12.72712421,132.8871437,4.28445347,65,2.095684111,67,2.160166699,317.4625681,23.65610465
3705,49,394.5068017,12.71940978,156.5221418,5.046476394,65,2.095684111,68,2.192407993,337.5360221,25.9765625
3706,49,394.0847801,12.70580326,180.3078704,5.813359061,65,2.095684111,69,2.224649287,342.8872367,25.34547557
3707,49,393.7957299,12.69648391,204.1898442,6.583344801,64,2.063442817,69,2.224649287,344.0199606,25.37575758
3708,49,393.4601033,12.68566287,228.0901263,7.353920823,64,2.063442817,69,2.224649287,334.9205322,25.29710353
3709,49,393.0918455,12.67378976,251.9001431,8.121586574,64,2.063442817,69,2.224649287,324.3809936,23.98970252
3710,49,392.7819377,12.66379794,275.7302086,8.889898724,63,2.031201523,69,2.224649287,332.6997674,24.86603827
3711,49,392.2625107,12.64705094,299.6700029,9.661748668,64,2.063442817,69,2.224649287,349.4419468,24.80091533
3712,49,391.7825338,12.63157586,323.5837403,10.43275851,65,2.095684111,69,2.224649287,349.5398383,25.74885189
3713,49,391.3944557,12.61906372,347.5833093,11.20653567,66,2.127925405,68,2.192407993,338.0970565,25.64531025
3714,49,391.2069066,12.61301689,371.5937319,11.98066276,65,2.095684111,67,2.160166699,322.9473038,25.04091701
3715,49,390.7834783,12.59936502,395.4501449,12.74982439,66,2.127925405,67,2.160166699,316.3464035,26.38242969
3716,49,390.3787569,12.58631628,419.3262329,13.51962036,66,2.127925405,66,2.127925405,327.395048,26.81481481
3717,49,390.0629805,12.57613524,443.3364873,14.29374203,67,2.160166699,65,2.095684111,342.1796544,26.96805679
3718,49,389.6909743,12.56414128,467.3051405,15.06652243,67,2.160166699,63,2.031201523,340.2701425,26.8819486
3856,50,388.9596668,12.54056298,98.97018851,3.190926946,55,1.773271171,51,1.644305995,257.3832811,43.89522139
3857,50,388.7481673,12.53374396,122.5446313,3.950997487,55,1.773271171,53,1.708788583,265.0593204,41.07722174
3858,50,388.4170596,12.52306862,146.0557222,4.709025483,55,1.773271171,53,1.708788583,259.2415112,42.37248178
3861,50,387.0790378,12.47992906,217.5360825,7.013644793,54,1.741029877,54,1.741029877,266.3463959,40.99914163
3862,50,387.0668667,12.47953665,241.5683669,7.788476741,55,1.773271171,54,1.741029877,272.5537702,40.22559932
3863,50,386.6931285,12.46748685,265.310286,8.553946934,55,1.773271171,54,1.741029877,273.4387399,39.89249147
3864,50,386.3407725,12.45612644,288.9004292,9.314523677,54,1.741029877,55,1.773271171,260.3052835,43.15645092
3865,50,385.9705882,12.44419121,313.0812116,10.09414339,55,1.773271171,53,1.708788583,253.3211562,45.96444249
3866,50,385.7542297,12.43721554,337.3935886,10.87800589,55,1.773271171,52,1.676547289,252.7746327,46.07699154
3867,50,385.5824224,12.43167625,361.3318758,11.64980724,56,1.805512465,52,1.676547289,257.1225409,45.78059441
3868,50,385.2644771,12.42142528,385.1797753,12.41869438,56,1.805512465,52,1.676547289,262.8328641,45.08906182
3869,50,384.9079118,12.40992915,408.845655,13.18171297,56,1.805512465,53,1.708788583,258.7316619,45.88677615
3933,51,431.9238881,13.92578507,44.5479138,1.436282386,55,1.773271171,50,1.612064701,315.4116652,29.16223648
3934,51,431.7442396,13.91999297,68.01889401,2.19301716,55,1.773271171,49,1.579823407,319.3667347,25.7132319
3935,51,431.3979964,13.90882964,91.48542805,2.949608584,56,1.805512465,50,1.612064701,323.139578,27.21155596
3936,51,431.074224,13.8983908,115.3103914,3.71775623,55,1.773271171,50,1.612064701,314.6023174,27.11106115
3937,51,430.8198399,13.89018912,139.0689502,4.48376291,55,1.773271171,51,1.644305995,311.8813837,30.16718542
3938,51,430.529438,13.88082619,162.9446922,5.25354773,56,1.805512465,51,1.644305995,312.6499368,31.44246209
3939,51,430.2322148,13.87124333,186.6836689,6.018923056,56,1.805512465,52,1.676547289,323.0172497,31.54228188
3940,51,429.9570606,13.862372,210.2514387,6.778778451,55,1.773271171,52,1.676547289,327.7645845,33.16902655
3941,51,429.6659417,13.85298595,233.9973902,7.544378654,55,1.773271171,53,1.708788583,325.106704,33.23956522
3942,51,429.4090323,13.84470286,257.9772043,8.317518892,55,1.773271171,53,1.708788583,323.3526657,32.44860215
3943,51,429.1254802,13.83556077,281.917627,9.089389098,55,1.773271171,55,1.773271171,320.3758283,36.18872758
3944,51,428.8192823,13.82568856,305.8888889,9.862253601,55,1.773271171,54,1.741029877,324.2237751,36.11149525
3945,51,428.5290546,13.81633124,329.7159584,10.63046915,54,1.741029877,54,1.741029877,328.3592968,38.09315425
3946,51,428.3746781,13.81135394,353.4725322,11.39641184,54,1.741029877,54,1.741029877,324.6071795,37.19219219
3947,51,427.9974576,13.79919187,377.529661,12.1720448,55,1.773271171,55,1.773271171,315.7430222,35.78389831
3948,51,427.762309,13.79161037,401.6803905,12.95069557,54,1.741029877,55,1.773271171,314.7347283,35.51464968
3949,51,427.4871134,13.78273771,425.7048969,13.72527674,54,1.741029877,55,1.773271171,319.2477366,36.43121238
3950,51,427.3195786,13.77733617,449.9174715,14.50592148,54,1.741029877,53,1.708788583,320.2814059,37.45135846
3951,51,427.0281376,13.76793973,473.5207682,15.26692231,55,1.773271171,51,1.644305995,319.4738139,34.06782686
